#TYPE System.Management.Automation.PSCustomObject
"Stock","D_TS","D_KS","D_Kumo","D_CS","D_TS/KS","D_FutureKumo","D_CCI","D_Rating","W_TS","W_KS","W_Kumo","W_CS","W_TS/KS","W_FutureKumo","W_CCI","W_Rating","OverallRating"
"ALCPC","Bull","Bull","Bull","Bull","Bull","Bull","Bull","5","Bull","Bull","Bull","Bull","Bull","Bull","Bull","5","10"
"SLI","Bull","Bull","Bull","Bull","Bull","Bull","Bull","5","Bull","Bull","Bull","Bull","Bull","Bull","Bull","5","10"
"PRF3B","Bull","Bull","Bull","Bull","Bull","Bull","Bull","5","Bull","Bull","Bull","Bull","Bull","Bull","Bull","5","10"
"ACPB1","Bull","Bull","Bull","Bull","Bull","Bull","Bull","5","Bull","Bull","Bull","Bull","Bull","Bull","Bull","5","10"
"FGENG","Bull","Bull","Bull","Bull","Bull","Bull","Bull","5","Bull","Bull","Bull","Bull","Bull","Bull","Bull","5","10"
"PBC","Bull","Bull","Bull","Bull","Bear","Bull","Bull","5","Bull","Bull","Bull","Bull","Bull","Bull","Bull","5","10"
"GLOPP","Bull","Bull","Bull","Bull","Bull","Bull","Bull","5","Bull","Bull","Bull","Bull","Bull","Bull","Bull","5","10"
"VLL","Bull","Bull","Bull","Bull","Bull","Bull","Bull","5","Bull","Bull","Bull","Bull","Bull","Bull","Bull","5","10"
"GTPPB","Bull","Bull","Bull","Bull","Bull","Bull","Bull","5","Bull","Bull","Bull","Bull","Bull","Bull","Bull","5","10"
"MCP","Bull","Bull","Bull","Bull","Bull","Bull","Bull","5","Bull","Bull","Bull","Bull","Bull","Bull","Bull","5","10"
"PEC","Bear","Bull","Bull","Bull","Bull","Bull","Bull","5","Bull","Bull","Bull","Bull","Bull","Bull","Bull","5","10"
"ALCPB","Bull","Bull","Bull","Bull","Bear","Bull","Bear","4","Bull","Bull","Bull","Bull","Bull","Bull","Bull","5","9"
"SMC2G","Bull","Bear","Bull","Bull","Bear","Bull","Bull","4","Bear","Bull","Bull","Bull","Bull","Bull","Bull","5","9"
"APM","Bull","Bull","Bull","Bull","Bear","Bear","Bull","4","Bull","Bull","Bull","Bull","Bull","Bull","Bull","5","9"
"FPHPC","Bear","Bull","Bull","Bull","Bull","Bull","Bull","5","Bull","Bull","Bull","Bull","Neutral","Bear","Bull","4","9"
"SPH","Bull","Bull","Bull","Bull","Neutral","Neutral","Bull","4","Bull","Bull","Bull","Bull","Bear","Bull","Bull","5","9"
"SPC","Bull","Bull","Bull","Bull","Bull","Bull","Bull","5","Bull","Bull","Bull","Neutral","Bull","Bull","Bull","4","9"
"PRF3A","Bull","Bull","Bull","Bull","Bull","Bull","Bear","4","Bull","Bull","Bull","Bull","Bull","Bull","Bull","5","9"
"MFIN","Bull","Bull","Bull","Bull","Bull","Bull","Bull","5","Bull","Bull","Neutral","Bull","Bull","Bull","Bull","4","9"
"BMM","Bull","Bull","Bull","Bull","Bull","Bull","Bull","5","Bull","Bull","Neutral","Bull","Bull","Bull","Bull","4","9"
"CSB","Bull","Bull","Bull","Bull","Bull","Bull","Bull","5","Bull","Bull","Neutral","Bull","Bull","Bull","Bull","4","9"
"WLCON","Bull","Bull","Bull","Neutral","Bull","Bull","Bull","4","Bull","Bull","Bull","Bull","Bear","Bull","Bull","5","9"
"LMG","Bear","Bull","Bull","Bull","Bull","Bull","Bear","4","Bull","Bull","Bull","Bull","Bull","Bull","Bull","5","9"
"CHI","Bull","Bull","Bull","Bull","Bull","Bull","Bull","5","Bull","Bull","Bull","Bear","Bear","Bull","Bull","4","9"
"MON","Bull","Bull","Bull","Bull","Neutral","Neutral","Bull","4","Bull","Bull","Bull","Bull","Neutral","Bull","Bull","5","9"
"PXP","Bull","Bull","Bull","Bull","Bear","Bull","Bull","5","Bear","Bull","Bear","Bull","Bull","Bear","Bull","3","8"
"UW","Bull","Bull","Bull","Bear","Bear","Bear","Bull","3","Bull","Bull","Bull","Bull","Bear","Bull","Bull","5","8"
"EIBA","Bull","Bull","Bull","Bull","Neutral","Bull","Bull","5","Bull","Bull","Neutral","Bull","Bull","Bear","Bull","3","8"
"CAT","Bull","Bull","Bull","Bull","Bull","Bull","Bear","4","Bull","Bull","Neutral","Bull","Bull","Bull","Bull","4","8"
"BPI","Neutral","Bull","Bull","Bull","Bull","Bull","Bear","4","Bull","Bull","Neutral","Bull","Bull","Bull","Bull","4","8"
"FBP2","Bear","Bull","Neutral","Bull","Bull","Bear","Bull","3","Bear","Bull","Bull","Bull","Bull","Bull","Bull","5","8"
"DAVIN","Bull","Bull","Bull","Bull","Neutral","Bull","Bear","4","Bull","Bull","Bull","Bull","Bull","Bear","Bull","4","8"
"SMPH","Bull","Bull","Bull","Bull","Bull","Bull","Bull","5","Bull","Bear","Bull","Bear","Bear","Bull","Bull","3","8"
"OVB","Bull","Bull","Bull","Bull","Bear","Bull","Bull","5","Bull","Bear","Bull","Bear","Bear","Bull","Bull","3","8"
"DMCP","Bull","Bull","Bull","Bull","Neutral","Neutral","Bull","4","Bull","Bull","Bull","Bull","Neutral","Neutral","Bull","4","8"
"RCM","Bull","Bull","Bull","Bull","Bear","Bear","Bear","3","Bull","Bull","Bull","Bull","Bull","Bull","Bull","5","8"
"ACE","Bear","Bear","Bull","Bull","Bear","Bull","Bear","3","Bear","Bull","Bull","Bull","Bull","Bull","Bull","5","8"
"SMC2B","Bear","Bear","Bull","Bull","Bear","Bull","Bull","4","Bear","Bull","Neutral","Bull","Bull","Bull","Bull","4","8"
"RCI","Bear","Bull","Bull","Bull","Bull","Bull","Bull","5","Bull","Bull","Bear","Bull","Bull","Bear","Bull","3","8"
"MWP","Bull","Bull","Bull","Neutral","Bear","Bull","Bull","4","Bull","Bull","Bull","Bear","Bull","Bull","Bull","4","8"
"PRF2A","Bear","Bear","Bull","Bull","Bull","Bull","Bear","3","Bear","Bull","Bull","Bull","Bull","Bull","Bull","5","8"
"GTPPA","Bear","Bull","Bull","Neutral","Bull","Bull","Bear","3","Bear","Bull","Bull","Bull","Bull","Bull","Bull","5","8"
"KPH","Bear","Bear","Bull","Bull","Bear","Bear","Bull","3","Bear","Bear","Bull","Bull","Bull","Bull","Bull","4","7"
"NIKL","Bull","Bear","Bull","Bear","Bear","Bull","Bear","2","Bull","Bull","Bull","Bull","Bull","Bull","Bull","5","7"
"ROX","Bear","Bull","Bull","Bull","Bull","Bull","Bull","5","Bull","Bull","Bear","Bear","Bull","Bear","Bull","2","7"
"TFC","Bull","Bull","Neutral","Bull","Bull","Bear","Bull","3","Bull","Bear","Bull","Bull","Bear","Bull","Bull","4","7"
"MRP","Bull","Bull","Bull","Bull","Neutral","Neutral","Bull","4","Bull","Bull","Neutral","Bull","Bull","Bear","Bull","3","7"
"SBS","Bull","Bull","Neutral","Bear","Bear","Bear","Bull","2","Bull","Bull","Bull","Bull","Bear","Bull","Bull","5","7"
"CNPF","Bull","Bull","Bull","Bull","Bull","Bull","Bull","5","Bull","Bull","Bear","Bear","Bear","Bear","Bull","2","7"
"RFM","Bull","Bull","Bull","Neutral","Bear","Bear","Bear","2","Bull","Bull","Bull","Bull","Bull","Bull","Bull","5","7"
"KEP","Bull","Bull","Bull","Bear","Bull","Bull","Bull","4","Bull","Bull","Neutral","Bear","Bull","Bull","Bull","3","7"
"HVN","Bear","Bear","Neutral","Bear","Neutral","Bull","Bull","2","Bear","Bull","Bull","Bull","Bull","Bull","Bull","5","7"
"SMC2F","Bull","Bear","Bull","Bear","Bear","Bull","Bear","2","Bear","Bull","Bull","Bull","Bull","Bull","Bull","5","7"
"HLCM","Bull","Bull","Neutral","Bear","Bull","Bear","Bull","2","Bull","Bull","Bull","Bull","Bull","Bull","Bull","5","7"
"SMC2I","Bear","Bear","Bull","Neutral","Bear","Bull","Bear","2","Bear","Bull","Bull","Bull","Bull","Bull","Bull","5","7"
"SMC2H","Bear","Bear","Bull","Bear","Bear","Bull","Bear","2","Bear","Bull","Bull","Bull","Bull","Bull","Bull","5","7"
"JGS","Bear","Bear","Bull","Bear","Neutral","Bull","Bear","2","Bull","Bull","Bull","Bull","Bull","Bull","Bull","5","7"
"DMPA1","Bull","Bull","Bull","Bull","Neutral","Neutral","Bull","4","Bull","Bull","Bull","Bull","Neutral","Bear","Bear","3","7"
"EIBB","Bull","Bull","Bull","Bull","Bull","Bull","Bull","5","Bull","Bull","Bear","Bear","Bull","Bear","Bull","2","7"
"SMC2E","Bear","Bear","Bull","Bear","Neutral","Bull","Bear","2","Bear","Bull","Bull","Bull","Bull","Bull","Bull","5","7"
"SMC2D","Bear","Bear","Bull","Bear","Bear","Bull","Bear","2","Bear","Bull","Bull","Bull","Bull","Bull","Bull","5","7"
"APC","Bear","Bear","Bull","Neutral","Bear","Bull","Bear","2","Bear","Bull","Bull","Bull","Bull","Bull","Bull","5","7"
"ANI","Bull","Bull","Bull","Bull","Bull","Bull","Bear","4","Bull","Bull","Bull","Bear","Bear","Bear","Bull","3","7"
"PNX3B","Neutral","Bear","Bull","Neutral","Bear","Bull","Bear","2","Bear","Bull","Bull","Bull","Bull","Bull","Bull","5","7"
"AP","Bear","Bear","Bull","Bear","Bear","Bull","Bear","2","Bear","Bull","Bull","Bull","Bull","Bull","Bull","5","7"
"ACPB2","Bear","Bear","Bull","Neutral","Bull","Bull","Bear","2","Bear","Bull","Bull","Bull","Bull","Bull","Bull","5","7"
"SLF","Bear","Bull","Bull","Bull","Bull","Bull","Bear","4","Bull","Bull","Bear","Bear","Neutral","Bear","Bull","2","6"
"NXGEN","Bull","Bull","Bull","Bull","Neutral","Neutral","Neutral","3","Bull","Bull","Bull","Bull","Neutral","Neutral","Neutral","3","6"
"DDPR","Bear","Bear","Neutral","Bear","Neutral","Bull","Bear","1","Bear","Bull","Bull","Bull","Bull","Bull","Bull","5","6"
"DMPI","Bull","Bull","Bull","Bull","Neutral","Neutral","Neutral","3","Bull","Bull","Bull","Bull","Neutral","Neutral","Neutral","3","6"
"TLII","Bull","Bull","Bull","Bull","Neutral","Neutral","Neutral","3","Bull","Bull","Bull","Bull","Neutral","Neutral","Neutral","3","6"
"FMIC","Bear","Bear","Bull","Bear","Neutral","Bull","Bear","2","Bear","Bull","Bull","Bull","Bull","Bull","Bear","4","6"
"KPHB","Bear","Bear","Bull","Bull","Bear","Bull","Bear","3","Bear","Bull","Bear","Bear","Bull","Bull","Bull","3","6"
"SM","Bear","Bear","Bear","Bear","Bear","Bull","Bear","1","Bear","Bull","Bull","Bull","Bull","Bull","Bull","5","6"
"TLJJ","Bull","Bull","Bull","Bull","Neutral","Neutral","Neutral","3","Bull","Bull","Bull","Bull","Neutral","Neutral","Neutral","3","6"
"FBP","Bull","Bull","Bull","Bull","Neutral","Neutral","Neutral","3","Bull","Bull","Bull","Bull","Neutral","Neutral","Neutral","3","6"
"GLOPA","Bull","Bull","Bull","Bull","Neutral","Neutral","Neutral","3","Bull","Bull","Bull","Bull","Neutral","Neutral","Neutral","3","6"
"PMT","Bull","Bull","Neutral","Bull","Bear","Bear","Bull","3","Bull","Bull","Bear","Bull","Neutral","Bear","Bull","3","6"
"FYN","Bull","Bull","Bull","Bull","Neutral","Neutral","Neutral","3","Bull","Bull","Bull","Bull","Neutral","Neutral","Neutral","3","6"
"FYNB","Bull","Bull","Bull","Bull","Neutral","Neutral","Neutral","3","Bull","Bull","Bull","Bull","Neutral","Neutral","Neutral","3","6"
"BDO","Bull","Bull","Bear","Bear","Bear","Bear","Bull","2","Bull","Bull","Bull","Bull","Bull","Bull","Bear","4","6"
"SUN","Bear","Bear","Neutral","Neutral","Neutral","Bull","Bear","1","Bear","Bull","Bull","Bull","Bull","Bull","Bull","5","6"
"DTEL","Bull","Bull","Bull","Bull","Neutral","Neutral","Neutral","3","Bull","Bull","Bull","Bull","Neutral","Neutral","Neutral","3","6"
"SWM","Bull","Bull","Bear","Bull","Bull","Bear","Bull","3","Bull","Bull","Bear","Bull","Bull","Bear","Bull","3","6"
"GPH","Bear","Bear","Bull","Bull","Bull","Bull","Bull","4","Bear","Bear","Bear","Bull","Bull","Bear","Bull","2","6"
"GREEN","Bear","Bull","Bull","Bull","Bull","Bull","Bear","4","Bull","Bear","Neutral","Bear","Bear","Bull","Bull","2","6"
"IDC","Bear","Bear","Bear","Bull","Bear","Bear","Bear","1","Bear","Bull","Bull","Bull","Bull","Bull","Bull","5","6"
"COAT","Bear","Bear","Neutral","Bear","Neutral","Bull","Bear","1","Bear","Bull","Bull","Bull","Bull","Bull","Bull","5","6"
"SECB","Bear","Bear","Neutral","Bear","Bear","Bull","Bear","1","Bear","Bull","Bull","Bull","Bull","Bull","Bull","5","6"
"CPV","Bull","Bull","Neutral","Bull","Bull","Bear","Bull","3","Bull","Bear","Bull","Bull","Bear","Bear","Bull","3","6"
"PPG","Bull","Bear","Neutral","Neutral","Bear","Bear","Bull","1","Bear","Bull","Bull","Bull","Bull","Bull","Bull","5","6"
"ROCK","Bear","Bear","Bear","Bear","Bear","Bull","Bear","1","Bull","Bull","Bull","Bull","Bull","Bull","Bull","5","6"
"BSC","Bull","Bull","Neutral","Bull","Neutral","Bear","Bull","3","Bull","Bear","Bull","Bull","Bear","Bull","Bear","3","6"
"BRN","Bear","Bear","Neutral","Bull","Neutral","Bull","Bear","2","Bear","Bull","Neutral","Bull","Bull","Bull","Bull","4","6"
"PNXP","Bull","Bull","Bull","Bull","Neutral","Neutral","Neutral","3","Bull","Bull","Bull","Bull","Neutral","Neutral","Neutral","3","6"
"PHN","Bear","Bear","Bull","Bull","Bear","Bear","Bear","2","Bear","Bear","Bull","Bull","Bull","Bull","Bull","4","6"
"CROWN","Bear","Bear","Neutral","Bear","Bull","Bull","Bear","1","Bear","Bull","Bull","Bull","Bull","Bull","Bull","5","6"
"MGH","Bull","Bull","Bull","Bull","Neutral","Neutral","Neutral","3","Bull","Bull","Bull","Bull","Neutral","Neutral","Neutral","3","6"
"ABA","Bear","Bear","Neutral","Bull","Bear","Bear","Bear","1","Bull","Bull","Bull","Bull","Bull","Bull","Bear","4","5"
"BH","Bull","Bull","Bear","Bull","Bull","Bear","Bull","3","Bull","Bull","Neutral","Neutral","Bear","Bear","Bull","2","5"
"PTT","Bear","Bear","Bear","Bear","Bear","Bear","Bear","0","Bear","Bull","Bull","Bull","Bull","Bull","Bull","5","5"
"MVC","Bull","Bull","Neutral","Bull","Bull","Bull","Bear","3","Bull","Bull","Neutral","Bear","Bear","Bear","Bull","2","5"
"V","Bull","Bull","Bear","Bull","Bear","Bear","Bull","3","Bull","Bear","Bear","Bull","Bear","Bear","Bull","2","5"
"MFC","Bull","Bull","Neutral","Bull","Bull","Bear","Bull","3","Bull","Bull","Bear","Bear","Bear","Bear","Bull","2","5"
"8990P","Bull","Bear","Neutral","Bear","Bear","Bull","Bear","1","Bear","Bull","Bull","Bull","Bull","Bull","Bear","4","5"
"SMP","Bull","Bull","Neutral","Neutral","Bull","Bear","Bull","2","Bull","Bull","Bull","Bear","Bull","Bear","Bull","3","5"
"SMC2C","Bull","Bear","Neutral","Bear","Bear","Bull","Bear","1","Bear","Bull","Neutral","Bull","Bull","Bull","Bull","4","5"
"PHC","Bear","Bull","Neutral","Neutral","Bull","Bull","Bear","2","Bear","Neutral","Bull","Bull","Bull","Bull","Bear","3","5"
"SEVN","Bear","Bear","Bear","Neutral","Bear","Bear","Bear","0","Bear","Bull","Bull","Bull","Bull","Bull","Bull","5","5"
"EDC","Bear","Bear","Neutral","Bear","Neutral","Neutral","Bear","0","Bear","Bull","Bull","Bull","Bull","Bull","Bull","5","5"
"CPVB","Bull","Bull","Bear","Neutral","Bear","Bear","Bull","2","Bull","Bear","Bull","Bull","Bear","Bear","Bull","3","5"
"MAB","Bear","Bear","Bear","Neutral","Bear","Bull","Bear","1","Bear","Bear","Bull","Bull","Bull","Bull","Bull","4","5"
"MPI","Bear","Bear","Neutral","Bear","Bear","Bull","Bear","1","Bull","Bull","Neutral","Bull","Bull","Bull","Bull","4","5"
"ATI","Bear","Bear","Bear","Bull","Bear","Bear","Bear","1","Bear","Bear","Bull","Bull","Bull","Bull","Bear","3","4"
"LOTO","Neutral","Bull","Bull","Bull","Bull","Bull","Bear","4","Bull","Bear","Bear","Bear","Bear","Bear","Bear","0","4"
"LIHC","Bull","Bear","Bull","Bull","Bear","Bull","Bear","3","Bull","Bear","Bear","Neutral","Bear","Bear","Bull","1","4"
"AUB","Bull","Bull","Neutral","Bull","Bear","Bear","Bull","3","Bull","Bull","Bear","Neutral","Bear","Bear","Bear","1","4"
"REG","Bear","Bear","Bear","Bear","Bear","Bull","Bear","1","Bear","Bear","Bull","Bull","Bull","Bull","Bear","3","4"
"HOUSE","Bear","Bear","Bear","Bear","Bear","Bear","Bear","0","Bear","Bull","Bull","Bull","Bull","Bull","Bear","4","4"
"ORE","Bull","Bull","Bull","Bear","Bear","Neutral","Bear","2","Bull","Bull","Bear","Bear","Neutral","Bear","Bull","2","4"
"AB","Bull","Bull","Neutral","Bull","Bear","Bear","Bull","3","Bull","Bear","Bear","Bear","Bear","Bear","Bull","1","4"
"MA","Bear","Bear","Bear","Bear","Bear","Bull","Bear","1","Bear","Bear","Bear","Bull","Bull","Bull","Bull","3","4"
"PPC","Bear","Bear","Bear","Bull","Bear","Bear","Bull","2","Bear","Bear","Bear","Bear","Bull","Bull","Bull","2","4"
"LSC","Bull","Bear","Bull","Bear","Bear","Bear","Bull","2","Bear","Bull","Bear","Bear","Bull","Bear","Bull","2","4"
"VMC","Bull","Bull","Neutral","Bull","Bear","Bear","Bull","3","Bull","Bear","Bear","Bull","Bear","Bear","Bear","1","4"
"UNI","Bull","Bull","Bear","Neutral","Bull","Bear","Bull","2","Bear","Bear","Bear","Bull","Bear","Bear","Bull","2","4"
"DGTL","Bull","Bull","Bear","Bear","Bear","Bear","Bull","2","Bull","Bull","Bear","Bull","Bear","Bear","Bear","2","4"
"CEB","Bull","Bear","Neutral","Bear","Bear","Bear","Bear","0","Bear","Bull","Bull","Bull","Bull","Bull","Bear","4","4"
"PRIM","Bull","Bull","Bear","Bull","Bear","Bear","Bull","3","Bull","Bear","Neutral","Bull","Bear","Bear","Bear","1","4"
"FERRO","Bear","Bear","Bear","Bear","Bear","Bull","Bear","1","Bear","Bear","Bull","Bull","Bull","Bull","Bear","3","4"
"DMPA2","Bear","Bear","Bull","Bear","Bear","Bull","Bear","2","Bear","Bear","Bull","Bear","Bull","Bull","Bear","2","4"
"SRDC","Bear","Bear","Bull","Bull","Neutral","Neutral","Bear","2","Bear","Bear","Bull","Bull","Neutral","Neutral","Bear","2","4"
"PHEN","Bull","Bear","Bear","Bear","Bear","Bear","Bear","0","Bear","Bull","Bull","Bull","Bull","Bull","Bear","4","4"
"CPG","Bull","Bull","Bear","Bear","Bear","Bear","Bear","1","Neutral","Bear","Bull","Bull","Bear","Bull","Bear","3","4"
"FGEN","Bear","Bear","Bear","Bear","Bear","Bear","Bear","0","Bear","Bull","Bull","Bull","Bull","Bull","Bear","4","4"
"CLI","Bear","Bear","Bear","Bull","Bear","Bear","Bear","1","Bear","Bear","Bull","Bull","Neutral","Bull","Bear","3","4"
"GSMI","Bear","Bear","Bear","Bear","Bear","Bear","Bear","0","Bear","Bear","Bull","Bull","Bull","Bull","Bear","3","3"
"SMB","Bull","Bull","Bear","Bear","Bear","Bear","Bear","1","Bull","Bull","Neutral","Bull","Bear","Bear","Bear","2","3"
"ALCO","Bear","Bear","Bear","Bear","Bear","Bear","Bear","0","Bear","Bear","Bull","Bull","Bear","Bull","Bear","3","3"
"NI","Bear","Bear","Neutral","Bear","Bear","Bull","Bear","1","Bear","Bear","Bear","Bull","Bull","Bear","Bull","2","3"
"ANS","Bear","Bear","Bear","Bear","Bear","Bear","Bear","0","Bear","Bear","Bull","Bull","Bull","Bull","Bear","3","3"
"EAGLE","Bear","Bear","Bull","Bull","Bear","Bull","Bear","3","Bull","Bear","Bear","Bear","Bear","Bear","Bear","0","3"
"ALLHC","Bear","Bear","Bear","Bear","Bull","Bear","Bear","0","Bear","Bear","Bull","Bull","Bear","Bull","Bear","3","3"
"CIP","Bear","Bear","Bull","Bull","Bear","Bear","Bear","2","Bear","Bear","Bear","Bull","Neutral","Bear","Bear","1","3"
"PRF2B","Bear","Bear","Neutral","Bull","Bull","Bull","Bear","2","Bear","Bear","Bear","Neutral","Bull","Bear","Bull","1","3"
"EEI","Bear","Bear","Neutral","Bear","Bull","Bull","Bear","1","Bear","Bear","Neutral","Bull","Bull","Bull","Bear","2","3"
"PTC","Bear","Bear","Bear","Bear","Bull","Bull","Bear","1","Bear","Bear","Bear","Neutral","Neutral","Bull","Bull","2","3"
"PBB","Bear","Bull","Bear","Bear","Bull","Bull","Bear","2","Bull","Bear","Neutral","Bear","Bear","Bull","Bear","1","3"
"RLC","Bull","Bear","Bear","Bear","Bear","Bear","Bear","0","Bear","Bear","Bull","Bull","Bear","Bull","Bear","3","3"
"PRC","Bull","Bear","Neutral","Bear","Bear","Bull","Bear","1","Bear","Bull","Bear","Bear","Bull","Bear","Bull","2","3"
"FEU","Bear","Bear","Neutral","Bull","Neutral","Neutral","Bear","1","Bear","Bear","Bear","Bull","Neutral","Bear","Bull","2","3"
"MJC","Bear","Bull","Neutral","Bull","Bull","Bear","Bear","2","Bull","Bear","Bear","Bear","Bear","Bear","Bull","1","3"
"SPM","Bear","Bear","Neutral","Bull","Bear","Bear","Bear","1","Bear","Bear","Bear","Bull","Bear","Bull","Bear","2","3"
"SHNG","Bear","Bear","Neutral","Bear","Bear","Bear","Bear","0","Bear","Bear","Neutral","Bull","Bull","Bull","Bull","3","3"
"FNI","Bear","Bear","Bear","Bear","Bear","Bull","Bear","1","Bear","Bear","Neutral","Bull","Neutral","Neutral","Bull","2","3"
"C","Bear","Bear","Bear","Bear","Bear","Bull","Bear","1","Bear","Bear","Bull","Bull","Bear","Bear","Bear","2","3"
"PIP","Bear","Bear","Neutral","Bear","Bear","Bear","Bear","0","Bear","Bull","Neutral","Bull","Bull","Bull","Bear","3","3"
"BLOOM","Bear","Bear","Neutral","Bull","Bull","Bull","Bear","2","Bear","Bear","Neutral","Bear","Bear","Bull","Bear","1","3"
"CAB","Bull","Bull","Bear","Bear","Bear","Bear","Bull","2","Bear","Bear","Bear","Bull","Bear","Bear","Bear","1","3"
"PHR","Bear","Bear","Bear","Bull","Bull","Bull","Bear","2","Bear","Bear","Bear","Bull","Bull","Bear","Bear","1","3"
"CPM","Bull","Bear","Bear","Bear","Bear","Bear","Bear","0","Bear","Bear","Bull","Bear","Bear","Bull","Bear","2","2"
"DELM","Bull","Bull","Neutral","Bull","Bear","Bear","Bear","2","Bull","Neutral","Bear","Bear","Bear","Bear","Bear","0","2"
"NOW","Bull","Bear","Bear","Bear","Bear","Bear","Bear","0","Bear","Bear","Bear","Bull","Bull","Bear","Bull","2","2"
"PERC","Bear","Bull","Bear","Bear","Bull","Bear","Bear","1","Bear","Bear","Neutral","Bear","Bear","Bull","Bear","1","2"
"SHLPH","Bull","Bear","Bear","Bull","Bear","Bear","Bull","2","Bear","Bear","Bear","Bear","Bear","Bear","Bear","0","2"
"ACPB2","Bear","Bear","Bull","Neutral","Bull","Bull","Bear","2","Neutral","Neutral","Neutral","Neutral","Neutral","Neutral","Bear","0","2"
"CEU","Bear","Bull","Bear","Bear","Bull","Bull","Bear","2","Bull","Bear","Bear","Bear","Bear","Bear","Bear","0","2"
"CHP","Bear","Bear","Bear","Bear","Bear","Bear","Bear","0","Bear","Bear","Neutral","Bull","Bull","Bull","Bear","2","2"
"MBC","Bull","Bull","Bear","Bear","Bear","Bear","Bear","1","Bull","Bull","Bear","Bear","Bear","Bear","Bear","1","2"
"MG","Bear","Bear","Bear","Bull","Bull","Bull","Bear","2","Bear","Bear","Bear","Bear","Bear","Bear","Bear","0","2"
"CAL","Bear","Bear","Neutral","Bull","Bull","Bull","Bear","2","Bear","Bear","Bear","Bear","Bear","Bear","Bear","0","2"
"CBC","Bull","Bull","Bear","Bear","Bear","Bear","Bull","2","Bull","Bear","Bear","Bear","Bear","Bear","Bear","0","2"
"MJIC","Bull","Bear","Bear","Bear","Bear","Bear","Bull","1","Bear","Bear","Bear","Bear","Bear","Bear","Bull","1","2"
"MWIDE","Bear","Bear","Bear","Bear","Bear","Bull","Bear","1","Bear","Bear","Bear","Bear","Bear","Bull","Bear","1","2"
"COL","Bear","Bear","Bear","Bear","Neutral","Bear","Bear","0","Bear","Bear","Bull","Bear","Bear","Bull","Bear","2","2"
"TECB2","Bear","Bear","Neutral","Bear","Bear","Bear","Bear","0","Bear","Bear","Bull","Bear","Neutral","Bull","Bear","2","2"
"LRW","Bull","Bear","Bear","Bull","Bear","Bear","Bull","2","Bear","Bear","Bear","Bear","Bear","Bear","Bear","0","2"
"SCC","Bull","Bull","Neutral","Neutral","Bear","Bear","Bull","2","Bull","Bear","Bear","Neutral","Bear","Bear","Bear","0","2"
"MARC","Bear","Bear","Bear","Bear","Bear","Bear","Bear","0","Bear","Bear","Bear","Bull","Bear","Bear","Bull","2","2"
"RWM","Bull","Bull","Neutral","Bear","Neutral","Neutral","Bear","1","Bull","Bull","Neutral","Bear","Neutral","Bear","Bear","1","2"
"CIC","Bull","Bull","Bear","Neutral","Bear","Bear","Bull","2","Bear","Bear","Bear","Bear","Bear","Bear","Bear","0","2"
"SSI","Bear","Bear","Bear","Bear","Bear","Bear","Bear","0","Bear","Bear","Bull","Neutral","Bear","Bull","Bear","2","2"
"SMDC","Bear","Bear","Bear","Bear","Bear","Bull","Bear","1","Bear","Bear","Bear","Bear","Bear","Bull","Bear","1","2"
"FDC","Bull","Bear","Bear","Bear","Bear","Bear","Bear","0","Bear","Bear","Bull","Bear","Bear","Bull","Bear","2","2"
"PX","Bear","Bear","Bear","Bear","Bear","Bear","Bear","0","Bear","Bear","Bear","Bull","Bull","Bull","Bear","2","2"
"STN","Bull","Bear","Bear","Bear","Bear","Bear","Bear","0","Bear","Bear","Bull","Bull","Bear","Bear","Bear","2","2"
"GTCAP","Bear","Bear","Bear","Bear","Bear","Bear","Bear","0","Bear","Bear","Neutral","Bull","Bull","Bull","Bear","2","2"
"SMC2I","Bear","Bear","Bull","Neutral","Bear","Bull","Bear","2","Neutral","Neutral","Neutral","Neutral","Neutral","Neutral","Bear","0","2"
"PLC","Bear","Bear","Neutral","Bull","Bear","Bull","Bear","2","Bear","Bear","Bear","Bear","Bear","Bear","Bear","0","2"
"URC","Bull","Bear","Bear","Bear","Bear","Bear","Bear","0","Bear","Bear","Bull","Neutral","Bear","Bull","Bear","2","2"
"FMETF","Bear","Bear","Bear","Bear","Bear","Bear","Bear","0","Bear","Bear","Bull","Bear","Bear","Bull","Bear","2","2"
"BCB","Bear","Bear","Bear","Bull","Bear","Bear","Bear","1","Bear","Bear","Bear","Bear","Bear","Bull","Bear","1","2"
"FJPB","Bull","Bear","Bear","Bear","Bear","Bear","Bull","1","Bull","Bear","Bear","Neutral","Bear","Bear","Bull","1","2"
"PMPC","Bull","Bull","Bear","Bear","Bear","Bear","Bull","2","Bull","Bear","Bear","Bear","Bear","Bear","Bear","0","2"
"UPM","Bull","Bear","Neutral","Bull","Bear","Bear","Bull","2","Bear","Bear","Bear","Bear","Neutral","Bear","Bear","0","2"
"FFI","Bear","Bear","Bear","Bear","Bear","Bull","Bear","1","Bear","Bear","Bear","Bull","Bear","Bear","Bear","1","2"
"FPH","Bear","Bear","Bear","Bear","Bear","Bear","Bear","0","Bear","Bear","Bull","Neutral","Bear","Bull","Bear","2","2"
"FPHP","Bull","Bull","Bear","Neutral","Bull","Bear","Bull","2","Bull","Bear","Bear","Bear","Bear","Bear","Bear","0","2"
"APL","Bear","Bear","Bear","Bear","Bear","Bear","Bear","0","Bear","Bear","Bear","Bull","Bull","Bull","Bear","2","2"
"JOH","Bull","Bear","Bear","Bear","Bear","Bear","Bear","0","Bear","Bear","Bear","Bull","Bear","Bull","Bear","2","2"
"PNX","Bull","Bull","Neutral","Neutral","Bull","Bear","Bull","2","Bull","Bear","Bear","Bear","Bear","Bear","Bear","0","2"
"DIZ","Bull","Bear","Bull","Bull","Bear","Bear","Bear","2","Bear","Bear","Bear","Neutral","Bull","Bear","Bear","0","2"
"JFC","Bull","Bull","Bear","Bear","Bull","Bear","Bull","2","Bull","Bear","Bear","Bear","Bear","Bear","Bear","0","2"
"VVT","Bear","Bear","Neutral","Bear","Bull","Bull","Bear","1","Bear","Bull","Bear","Neutral","Bull","Bear","Bear","1","2"
"ALI","Bear","Bear","Bear","Bear","Bear","Bear","Bear","0","Bear","Bear","Bull","Neutral","Bear","Bull","Bear","2","2"
"DMW","Bear","Bull","Bear","Bull","Bull","Bear","Bear","2","Bear","Bear","Bear","Bear","Bear","Bear","Bear","0","2"
"KPPI","Bear","Bear","Bear","Bear","Bear","Bear","Bear","0","Bear","Bear","Bull","Bull","Neutral","Neutral","Bear","2","2"
"WIN","Bull","Bull","Bear","Bear","Bear","Bear","Bull","2","Bear","Bear","Bear","Bear","Bear","Bear","Bear","0","2"
"OPMB","Bull","Neutral","Neutral","Neutral","Bear","Bear","Bull","1","Neutral","Neutral","Bear","Neutral","Neutral","Bear","Bull","1","2"
"EG","Neutral","Neutral","Bear","Bull","Neutral","Bear","Bull","2","Bear","Bear","Bear","Neutral","Bear","Bear","Bear","0","2"
"PCP","Bear","Bull","Bear","Neutral","Bull","Bear","Bull","2","Bull","Bear","Bear","Bear","Bear","Bear","Bear","0","2"
"PSB","Bear","Bear","Neutral","Neutral","Bull","Bull","Bull","2","Bear","Bear","Bear","Bear","Neutral","Bear","Bear","0","2"
"ICT","Bear","Bear","Bear","Bear","Bear","Bear","Bear","0","Bear","Bear","Bull","Bear","Bear","Bull","Bear","2","2"
"PIZZA","Bear","Bear","Bear","Bear","Bear","Bear","Bear","0","Bear","Bear","Bear","Bear","Bear","Bull","Bear","1","1"
"PPG","Bull","Bear","Neutral","Neutral","Bear","Bear","Bull","1","Neutral","Neutral","Neutral","Neutral","Neutral","Neutral","Bear","0","1"
"PAL","Bull","Bull","Bear","Bear","Bear","Bear","Bear","1","Bear","Bear","Bear","Bear","Bear","Bear","Bear","0","1"
"RCB","Bear","Bear","Bear","Bear","Bear","Bear","Bear","0","Bear","Bear","Bear","Bull","Bear","Bear","Bear","1","1"
"PNX3A","Neutral","Neutral","Neutral","Bear","Neutral","Bear","Bear","0","Neutral","Bear","Neutral","Bull","Bear","Bear","Bear","1","1"
"MRSGI","Bull","Bear","Bear","Bear","Bear","Bear","Bull","1","Bear","Bear","Bear","Bear","Bear","Bear","Bear","0","1"
"PNC","Bull","Bear","Bear","Bear","Bear","Bear","Bear","0","Bull","Bear","Neutral","Bear","Bear","Bull","Bear","1","1"
"STI","Bear","Bear","Bear","Bear","Bear","Bear","Bear","0","Bear","Bear","Bear","Bear","Bear","Bull","Bear","1","1"
"EURO","Bear","Bear","Bear","Bear","Neutral","Bull","Bear","1","Bear","Bear","Bear","Bear","Bull","Bear","Bear","0","1"
"STR","Bull","Bear","Bear","Bull","Bear","Bear","Bear","1","Bear","Bear","Bear","Bear","Bear","Bear","Bear","0","1"
"EMP","Bear","Bear","Bear","Bear","Bear","Bear","Bear","0","Bear","Bear","Bear","Bear","Bear","Bull","Bear","1","1"
"2GO","Bull","Bear","Bear","Bear","Bear","Bear","Bull","1","Bear","Bear","Bear","Bear","Bear","Bear","Bear","0","1"
"GERI","Neutral","Bear","Bear","Bear","Bear","Bear","Bear","0","Bear","Bear","Bear","Bear","Bear","Bull","Bear","1","1"
"WEB","Bull","Bear","Bear","Bear","Bear","Bear","Bear","0","Bear","Bear","Bear","Bull","Bear","Bear","Bear","1","1"
"FB","Bull","Bull","Bear","Neutral","Bear","Bear","Bear","1","Bear","Bear","Neutral","Bear","Bear","Bear","Bear","0","1"
"COAL","Bear","Bear","Neutral","Neutral","Bull","Bull","Bear","1","Bear","Bear","Bear","Bear","Bear","Bear","Bear","0","1"
"CYBR","Bear","Bear","Bear","Bear","Bear","Bear","Bear","0","Bear","Bear","Bear","Bear","Bear","Bull","Bear","1","1"
"CA","Bull","Bull","Bear","Bear","Bear","Bear","Bear","1","Bear","Bear","Bear","Neutral","Bear","Bear","Bear","0","1"
"TFHI","Bull","Bear","Bear","Bear","Bear","Bear","Bull","1","Bear","Bear","Bear","Bear","Bear","Bear","Bear","0","1"
"AMC","Bull","Bear","Bear","Bear","Bear","Bear","Bear","0","Bear","Bear","Bear","Bear","Bear","Bull","Bear","1","1"
"ALT","Bear","Bear","Bear","Bear","Neutral","Bear","Bull","1","Bear","Bear","Bear","Bear","Bear","Bear","Bear","0","1"
"ARA","Bear","Bear","Bear","Bear","Bear","Bear","Bear","0","Bear","Bear","Bear","Bear","Bear","Bull","Bear","1","1"
"DD","Bull","Bear","Bear","Bear","Bear","Bear","Bear","0","Bear","Bear","Bear","Bear","Bear","Bull","Bear","1","1"
"AEV","Bull","Bear","Neutral","Bear","Bear","Bull","Bear","1","Bull","Bear","Bear","Bear","Bear","Bear","Bear","0","1"
"RRHI","Bull","Bear","Bear","Bear","Bear","Bear","Bear","0","Bear","Bull","Bear","Bear","Bull","Bear","Bear","1","1"
"MAXS","Bull","Bear","Bear","Bear","Bear","Bear","Bear","0","Bear","Bear","Neutral","Bear","Bear","Bull","Bear","1","1"
"MAC","Bull","Bear","Bear","Bear","Bear","Bear","Bear","0","Bear","Bear","Neutral","Bear","Bear","Bull","Bear","1","1"
"MHC","Bull","Bear","Bear","Bear","Bear","Bear","Bear","0","Bear","Bear","Bear","Bull","Bear","Bear","Bear","1","1"
"MEGW1","Bear","Bear","Bear","Bear","Bear","Bear","Bear","0","Bear","Bear","Neutral","Bear","Bear","Bull","Bear","1","1"
"RPC","Bull","Bear","Bear","Bear","Bear","Bear","Bull","1","Bull","Bear","Bear","Bear","Bear","Bear","Bear","0","1"
"WPI","Bull","Bear","Bear","Bear","Bear","Bear","Bear","0","Bear","Bear","Neutral","Bear","Bear","Bull","Bear","1","1"
"I","Bull","Bear","Bear","Bear","Bear","Bear","Bull","1","Bear","Bear","Bear","Bear","Bear","Bear","Bear","0","1"
"SMC","Bear","Bear","Bear","Bear","Bear","Bear","Bear","0","Bear","Bear","Neutral","Bear","Bear","Bull","Bear","1","1"
"ACPA","Bull","Bull","Bear","Bear","Neutral","Bear","Bear","1","Bull","Bear","Bear","Bear","Bear","Bear","Bear","0","1"
"ABSP","Bull","Bear","Bear","Bear","Bear","Bear","Bear","0","Bear","Bear","Bear","Bear","Bull","Bear","Bull","1","1"
"IS","Bear","Bear","Bear","Bear","Bear","Bear","Bear","0","Bear","Bear","Bear","Bear","Neutral","Bull","Bear","1","1"
"HP","Bear","Bear","Bear","Bear","Bull","Bear","Bear","0","Bear","Bear","Neutral","Bull","Bear","Bear","Bear","1","1"
"SOC","Bull","Bear","Bear","Neutral","Bear","Bear","Bear","0","Bear","Bear","Bear","Bear","Bear","Bear","Bear","0","0"
"TUGS","Bull","Bear","Bear","Bear","Bear","Bear","Bear","0","Bear","Bear","Bear","Bear","Bear","Bear","Bear","0","0"
"UBP","Bear","Bear","Bear","Bear","Bear","Bear","Bear","0","Bear","Bear","Bear","Bear","Bear","Bear","Bear","0","0"
"UP","Neutral","Bear","Bear","Bear","Bear","Bear","Bear","0","Neutral","Bear","Bear","Bear","Bear","Bear","Bear","0","0"
"ZHI","Bear","Bear","Bear","Bear","Bear","Bear","Bear","0","Bear","Bear","Bear","Bear","Bear","Bear","Bear","0","0"
"VUL","Bear","Bear","Bear","Bear","Bear","Bear","Bear","0","Bear","Bear","Bear","Bear","Bear","Bear","Bear","0","0"
"X","Bear","Bear","Bear","Bear","Bear","Bear","Bear","0","Bear","Bear","Bear","Bear","Bear","Bear","Bear","0","0"
"VITA","Bull","Bear","Neutral","Neutral","Bear","Bear","Bear","0","Bull","Bear","Bear","Bear","Bear","Bear","Bear","0","0"
"SMC2A","Bear","Bear","Bear","Bear","Neutral","Neutral","Bear","0","Bear","Bear","Bear","Bear","Bear","Bear","Bear","0","0"
"SGP","Bear","Bear","Bear","Bear","Bear","Bear","Bear","0","Bear","Bear","Bear","Bear","Bear","Bear","Bear","0","0"
"SSP","Bear","Bear","Bear","Bear","Bear","Bear","Bear","0","Bear","Bear","Bear","Bear","Bear","Bear","Bear","0","0"
"SMCP1","Bear","Bear","Bear","Bear","Bear","Bear","Bear","0","Bear","Bear","Bear","Bear","Bear","Bear","Bear","0","0"
"SFI","Bear","Bear","Bear","Bear","Bear","Bear","Bear","0","Bear","Bear","Bear","Bear","Bear","Bear","Bear","0","0"
"RLT","Bull","Bear","Bear","Bear","Bear","Bear","Bear","0","Bear","Bear","Bear","Bear","Bear","Bear","Bear","0","0"
"SGI","Bear","Bear","Bear","Bear","Bear","Bear","Bear","0","Bear","Bear","Bear","Bear","Bear","Bear","Bear","0","0"
"SFIP","Bear","Bear","Bear","Bear","Bull","Bear","Bear","0","Bear","Bear","Bear","Bear","Bear","Bear","Bear","0","0"
"TECH","Bear","Bear","Bear","Bear","Bear","Bear","Bear","0","Bear","Bear","Bear","Bear","Bear","Bear","Bear","0","0"
"PRMX","Bull","Bear","Bear","Bear","Bear","Bear","Bear","0","Bear","Bear","Bear","Bear","Bear","Bear","Bear","0","0"
"TOL","Bear","Bear","Bear","Bear","Bear","Bear","Bear","0","Bear","Bear","Bear","Bear","Bear","Bear","Bear","0","0"
"TEL","Bear","Bear","Bear","Bear","Bear","Bear","Bear","0","Bear","Bear","Bear","Bear","Bear","Bear","Bear","0","0"
"T","Bear","Bear","Bear","Bear","Bear","Bear","Bear","0","Bear","Bear","Bear","Bear","Bear","Bear","Bear","0","0"
"PSE","Bull","Bear","Bear","Bear","Bear","Bear","Bear","0","Bear","Bear","Bear","Bear","Bear","Bear","Bear","0","0"
"TBGI","Bear","Bear","Bear","Bear","Bear","Bear","Bear","0","Bear","Bear","Bear","Bear","Bear","Bear","Bear","0","0"
"T","Bear","Bear","Bear","Bear","Bear","Bear","Bear","0","Neutral","Neutral","Neutral","Neutral","Neutral","Neutral","Bear","0","0"
"DWC","Bear","Bear","Bear","Bear","Bear","Bear","Bear","0","Bear","Bear","Bear","Bear","Bear","Bear","Bear","0","0"
"DNL","Bear","Bear","Bear","Bear","Bear","Bear","Bear","0","Bear","Bear","Bear","Bear","Bear","Bear","Bear","0","0"
"ECP","Bear","Bear","Bear","Bear","Bear","Bear","Bear","0","Bear","Bear","Bear","Bear","Neutral","Bear","Bear","0","0"
"ETON","Bear","Bear","Bear","Bear","Bear","Bear","Bear","0","Bear","Bear","Bear","Bear","Bear","Bear","Bear","0","0"
"ELI","Neutral","Bear","Bear","Bear","Bear","Bear","Bear","0","Bear","Bear","Bear","Bear","Bear","Bear","Bear","0","0"
"DNA","Bear","Bear","Bear","Bear","Bear","Bear","Bear","0","Bear","Bear","Bear","Bear","Bear","Bear","Bear","0","0"
"CHTR","Bear","Bear","Bear","Bear","Bear","Bear","Bear","0","Bear","Bear","Bear","Bear","Neutral","Neutral","Bear","0","0"
"CHIB","Bear","Bear","Bear","Bear","Bear","Bear","Bear","0","Bear","Bear","Bear","Bear","Bear","Bear","Bear","0","0"
"COSCO","Bull","Bear","Bear","Bear","Bear","Bear","Bear","0","Bear","Bear","Bear","Bear","Bear","Bear","Bear","0","0"
"DMC","Bull","Bear","Bear","Bear","Bear","Bear","Bear","0","Bear","Bear","Bear","Bear","Bear","Bear","Bear","0","0"
"DFNN","Bear","Bear","Bear","Bear","Bear","Bear","Bear","0","Bear","Bear","Bear","Bear","Bear","Bear","Bear","0","0"
"EVER","Bear","Bear","Bear","Neutral","Bear","Bear","Bear","0","Bear","Bear","Bear","Bear","Neutral","Bear","Bear","0","0"
"GLO","Bear","Bear","Bear","Bear","Bear","Bear","Bear","0","Bear","Bear","Bear","Bear","Bear","Bear","Bear","0","0"
"GEO","Bear","Bear","Bear","Bear","Bear","Bear","Bear","0","Bear","Bear","Bear","Bear","Neutral","Bear","Bear","0","0"
"GMA7","Bear","Bear","Bear","Bear","Bear","Bear","Bear","0","Bear","Bear","Bear","Bear","Bear","Bear","Bear","0","0"
"GO","Bear","Bear","Bear","Bear","Bear","Bear","Bear","0","Bear","Bear","Bear","Bear","Bear","Bear","Bear","0","0"
"GMAP","Bear","Bear","Bear","Bear","Bear","Bear","Bear","0","Bear","Bear","Bear","Bear","Bear","Bear","Bear","0","0"
"FPI","Bear","Bear","Bear","Bear","Bear","Bear","Bear","0","Bear","Bear","Bear","Bear","Neutral","Bear","Bear","0","0"
"FAF","Bull","Bear","Bear","Bear","Bear","Bear","Bear","0","Bull","Bear","Bear","Bear","Bear","Bear","Bear","0","0"
"EW","Bear","Bear","Bear","Bear","Bear","Bear","Bear","0","Bear","Bear","Bear","Bear","Bull","Bear","Bear","0","0"
"FJP","Bear","Bear","Bear","Bear","Bear","Bear","Bear","0","Bear","Bear","Bear","Bear","Bear","Bear","Bear","0","0"
"FOOD","Bull","Bear","Bear","Bear","Bear","Bear","Bear","0","Bear","Bear","Bear","Bear","Bear","Bear","Bear","0","0"
"FLI","Bear","Bear","Bear","Bear","Bear","Bear","Bear","0","Bear","Bear","Bear","Neutral","Bear","Bear","Bear","0","0"
"CEI","Bear","Bear","Bear","Bear","Bear","Bear","Bear","0","Bear","Bear","Bear","Bear","Bear","Bear","Bear","0","0"
"ALPHA","Bear","Bear","Bear","Bear","Bear","Bear","Bear","0","Bear","Bear","Bear","Bear","Bear","Bear","Bear","0","0"
"ALHI","Bear","Bear","Bear","Bear","Bear","Bear","Bear","0","Bear","Bear","Bear","Bear","Bear","Bear","Bear","0","0"
"APO","Bear","Bear","Bear","Bear","Bear","Bear","Bear","0","Bear","Bear","Bear","Bear","Neutral","Bear","Bear","0","0"
"AR","Bear","Bear","Bear","Bear","Bear","Bear","Bear","0","Bear","Bear","Bear","Bear","Bear","Bear","Bear","0","0"
"APX","Bear","Bear","Bear","Bear","Bear","Bear","Bear","0","Bear","Bear","Bear","Bear","Bull","Bear","Bear","0","0"
"AGI","Bull","Bear","Bear","Bear","Bear","Bear","Bear","0","Bear","Bear","Bear","Bear","Bear","Bear","Bear","0","0"
"ABG","Bear","Bear","Bear","Bear","Bear","Bear","Bear","0","Bear","Bear","Bear","Bear","Bear","Bear","Bear","0","0"
"AAA","Bull","Bear","Bear","Bear","Bear","Bear","Bear","0","Bear","Bear","Bear","Bear","Bull","Bear","Bear","0","0"
"ABS","Bear","Bear","Bear","Bear","Bear","Bear","Bear","0","Bear","Bear","Bear","Bear","Bull","Bear","Bear","0","0"
"ACR","Neutral","Bear","Bear","Neutral","Bear","Bear","Bear","0","Bear","Bear","Bear","Bear","Bear","Bear","Bear","0","0"
"AC","Bear","Bear","Bear","Bear","Bear","Bear","Bear","0","Bear","Bear","Bear","Bear","Bear","Bear","Bear","0","0"
"AT","Bear","Bear","Bear","Bear","Bear","Bear","Bear","0","Bear","Bear","Bear","Bear","Bear","Bear","Bear","0","0"
"BHI","Bear","Bear","Bear","Bear","Bear","Bear","Bear","0","Bear","Bear","Bear","Bear","Bear","Bear","Bear","0","0"
"BEL","Bear","Bear","Bear","Bear","Bear","Bear","Bear","0","Neutral","Neutral","Neutral","Neutral","Neutral","Neutral","Bear","0","0"
"BKR","Bear","Bear","Bear","Bear","Bear","Bear","Bear","0","Bear","Bear","Bear","Bear","Bear","Bear","Bear","0","0"
"CDC","Bear","Bear","Bear","Bear","Bear","Bear","Bear","0","Bear","Bear","Bear","Bear","Bear","Bear","Bear","0","0"
"BLFI","Bear","Bear","Bear","Bear","Bear","Bear","Bear","0","Bear","Bear","Bear","Bear","Bear","Bear","Bear","0","0"
"BEL","Bear","Bear","Bear","Bear","Bear","Bear","Bear","0","Bear","Bear","Bear","Bear","Bear","Bear","Bear","0","0"
"ATNB","Bear","Bear","Bear","Bear","Bear","Bear","Bear","0","Bear","Bear","Neutral","Bear","Bear","Bear","Bear","0","0"
"ATN","Bear","Bear","Bear","Bear","Bear","Bear","Bear","0","Bear","Bear","Neutral","Bear","Bear","Bear","Bear","0","0"
"BC","Bear","Bear","Bear","Bear","Bear","Bear","Bear","0","Bear","Bear","Bear","Bear","Bear","Bear","Bear","0","0"
"BCP","Bear","Bear","Bear","Bear","Bear","Bear","Bear","0","Bear","Bear","Bear","Bear","Bear","Bear","Bear","0","0"
"BCOR","Bear","Bear","Bear","Bear","Bear","Bear","Bear","0","Bear","Bear","Bear","Bear","Bear","Bear","Bear","0","0"
"MWC","Bear","Bear","Bear","Bear","Bear","Bear","Bear","0","Bear","Bear","Bear","Bear","Bear","Bear","Bear","0","0"
"MRC","Bull","Bear","Bear","Bear","Bear","Bear","Bear","0","Bear","Bear","Bear","Bear","Bear","Bear","Bear","0","0"
"NRCP","Bull","Bear","Bear","Bear","Bear","Bear","Bear","0","Bear","Bear","Bear","Bear","Bear","Bear","Bear","0","0"
"OMW2","Bear","Bear","Bear","Bear","Bear","Bear","Bear","0","Bear","Bear","Bear","Bear","Bear","Bear","Bear","0","0"
"OM","Bear","Bear","Bear","Neutral","Bull","Bear","Bear","0","Bear","Bear","Bear","Bear","Bear","Bear","Bear","0","0"
"MER","Bear","Bear","Bear","Bear","Bear","Bear","Bear","0","Bear","Bear","Neutral","Bear","Bear","Bear","Bear","0","0"
"MB","Neutral","Bear","Bear","Bear","Bear","Bear","Bear","0","Bear","Bear","Bear","Bear","Bear","Bear","Bear","0","0"
"MAHB","Bear","Bear","Bear","Bear","Bear","Bear","Bear","0","Bear","Bear","Bear","Bear","Bear","Bear","Bear","0","0"
"MBT","Bear","Bear","Bear","Bear","Bear","Bear","Bear","0","Bear","Bear","Bear","Bear","Bear","Bear","Bear","0","0"
"MEG","Bear","Bear","Bear","Bear","Bear","Bear","Bear","0","Bear","Bear","Bear","Bear","Bear","Bear","Bear","0","0"
"MED","Bear","Bear","Bear","Bear","Bear","Bear","Bear","0","Bear","Bear","Bear","Bear","Bear","Bear","Bear","0","0"
"OPM","Bear","Bear","Bear","Neutral","Bear","Bear","Bear","0","Bear","Bear","Bear","Bear","Neutral","Bear","Bear","0","0"
"PHA","Bear","Bear","Bear","Bear","Bear","Bear","Bear","0","Bear","Bear","Bear","Bear","Bear","Bear","Bear","0","0"
"PGOLD","Bull","Bear","Bear","Bear","Bear","Bear","Bear","0","Bear","Bear","Bear","Bear","Bear","Bear","Bear","0","0"
"PHES","Bear","Bear","Bear","Bear","Bear","Bear","Bear","0","Bear","Bear","Bear","Bear","Bear","Bear","Bear","0","0"
"PORT","Bear","Bear","Bear","Bear","Bull","Bear","Bear","0","Bear","Bear","Bear","Bear","Bear","Bear","Bear","0","0"
"PNB","Bear","Bear","Bear","Bear","Bear","Bear","Bear","0","Bear","Bear","Bear","Bear","Bear","Bear","Bear","0","0"
"PECB","Bear","Bear","Bear","Bear","Bear","Bear","Bear","0","Bear","Bear","Bear","Bear","Bear","Bear","Bear","0","0"
"PA","Bear","Bear","Bear","Bear","Neutral","Bear","Bear","0","Bear","Bear","Bear","Bear","Bear","Bear","Bear","0","0"
"OV","Bear","Bear","Bear","Bear","Neutral","Neutral","Bear","0","Bear","Bear","Bear","Bear","Neutral","Bear","Bear","0","0"
"PAX","Bear","Bear","Bear","Bear","Bear","Bear","Bear","0","Bear","Bear","Bear","Bear","Bear","Bear","Bear","0","0"
"PCOR","Bear","Bear","Bear","Neutral","Bear","Bear","Bear","0","Bear","Bear","Bear","Bear","Bear","Bear","Bear","0","0"
"PCEV","Bear","Bear","Bear","Bear","Bear","Bear","Bear","0","Bear","Bear","Bear","Bear","Bear","Bear","Bear","0","0"
"MAH","Bear","Bear","Bear","Bear","Bear","Bear","Bear","0","Bear","Bear","Bear","Bear","Bear","Bear","Bear","0","0"
"IPO","Bear","Bear","Bear","Bear","Bear","Bear","Bear","0","Bear","Bear","Bear","Bear","Bear","Bear","Bear","0","0"
"IPM","Bear","Bear","Bear","Bear","Bear","Bear","Bear","0","Bear","Bear","Bear","Bear","Bear","Bear","Bear","0","0"
"IRC","Bull","Bear","Bear","Bear","Bear","Bear","Bear","0","Bear","Bear","Bear","Bear","Bear","Bear","Bear","0","0"
"JAS","Bear","Bear","Bear","Bear","Bear","Bear","Bear","0","Bear","Bear","Bear","Bear","Bear","Bear","Bear","0","0"
"ISM","Bear","Bear","Bear","Bear","Bear","Bear","Bear","0","Bear","Bear","Bear","Neutral","Bear","Bear","Bear","0","0"
"ION","Bear","Bear","Bear","Bear","Bear","Bear","Bear","0","Bear","Bear","Bear","Bear","Bear","Bear","Bear","0","0"
"HI","Bear","Bear","Bear","Bear","Bear","Bear","Bear","0","Bear","Bear","Bear","Bear","Bear","Bear","Bear","0","0"
"GOB","Bear","Bear","Bear","Bear","Bear","Bear","Bear","0","Bear","Bear","Bear","Bear","Bear","Bear","Bear","0","0"
"IMI","Bear","Bear","Bear","Bear","Bear","Bear","Bear","0","Bear","Bear","Bear","Bear","Bear","Bear","Bear","0","0"
"IMPB","Bear","Bear","Bear","Bear","Bull","Bear","Bear","0","Bear","Bear","Bear","Bear","Bear","Bear","Bear","0","0"
"IMP","Bear","Bear","Bear","Bear","Bear","Bear","Bear","0","Bear","Bear","Bear","Bear","Bear","Bear","Bear","0","0"
"LAND","Bear","Bear","Bear","Bear","Bear","Bear","Bear","0","Bear","Bear","Bear","Bear","Bear","Bear","Bear","0","0"
"LRI","Bear","Bear","Bear","Bear","Neutral","Bear","Bear","0","Bear","Bear","Bear","Bear","Bear","Bear","Bear","0","0"
"LR","Bear","Bear","Bear","Bear","Bear","Bear","Bear","0","Bear","Bear","Bear","Bear","Bear","Bear","Bear","0","0"
"LRP","Neutral","Neutral","Bear","Bear","Neutral","Bear","Bear","0","Bear","Bear","Bear","Bear","Bear","Bear","Bear","0","0"
"MACAY","Bear","Bear","Bear","Bear","Neutral","Neutral","Bear","0","Bear","Bear","Bear","Bear","Bear","Bear","Bear","0","0"
"LTG","Bear","Bear","Bear","Bear","Bear","Bear","Bear","0","Bear","Bear","Bear","Bear","Bear","Bear","Bear","0","0"
"LPZ","Bear","Bear","Bear","Bear","Bear","Bear","Bear","0","Bear","Bear","Bear","Bear","Bear","Bear","Bear","0","0"
"LC","Neutral","Bear","Bear","Bear","Bear","Bear","Bear","0","Bear","Bear","Bear","Bear","Bear","Bear","Bear","0","0"
"LBC","Bull","Bear","Bear","Bear","Bear","Bear","Bear","0","Bear","Bear","Bear","Bear","Bear","Bear","Bear","0","0"
"LCB","Bull","Bear","Bear","Bear","Bear","Bear","Bear","0","Bear","Bear","Bear","Bear","Bear","Bear","Bear","0","0"
"LIB","Bear","Bear","Bear","Bear","Bear","Bear","Bear","0","Bear","Bear","Bear","Bear","Bear","Bear","Bear","0","0"
"LFM","Bear","Bear","Bear","Bear","Bear","Bear","Bear","0","Bear","Bear","Bear","Bear","Bear","Bear","Bear","0","0"
