#TYPE System.Management.Automation.PSCustomObject
"Stock","D_TS","D_KS","D_Kumo","D_CS","D_TS/KS","D_FutureKumo","D_CCI","D_Rating","W_TS","W_KS","W_Kumo","W_CS","W_TS/KS","W_FutureKumo","W_CCI","W_Rating","OverallRating"
"WLCON","Bull","Bull","Bull","Bull","Bull","Bull","Bull","5","Bull","Bull","Bull","Bull","Bear","Bull","Bull","5","10"
"SLI","Bull","Bull","Bull","Bull","Bull","Bull","Bull","5","Bull","Bull","Bull","Bull","Bull","Bull","Bull","5","10"
"SMC2G","Bull","Bull","Bull","Bull","Bear","Bull","Bull","5","Bull","Bull","Bull","Bull","Bull","Bull","Bull","5","10"
"BPI","Bull","Bull","Bull","Bull","Bull","Bull","Bull","5","Bull","Bull","Neutral","Bull","Bull","Bull","Bull","4","9"
"SMC2D","Bull","Bull","Bull","Bear","Bear","Bull","Bull","4","Bear","Bull","Bull","Bull","Bull","Bull","Bull","5","9"
"PPG","Bull","Bull","Bull","Bull","Bear","Bear","Bull","4","Bull","Bull","Bull","Bull","Bull","Bull","Bull","5","9"
"CHI","Bull","Bull","Bull","Bull","Bull","Bull","Bull","5","Bull","Bull","Bull","Bear","Bear","Bull","Bull","4","9"
"SMPH","Bull","Bull","Bull","Bull","Bull","Bull","Bull","5","Bull","Bull","Bull","Bear","Bear","Bull","Bull","4","9"
"MWP","Bull","Bull","Bull","Bull","Bear","Bull","Bull","5","Bull","Bull","Bull","Bear","Bull","Bull","Bull","4","9"
"VLL","Bull","Bull","Bull","Neutral","Bull","Bull","Bull","4","Bull","Bull","Bull","Bull","Bull","Bull","Bull","5","9"
"CAT","Bull","Bull","Bull","Bull","Bull","Bull","Bull","5","Bull","Bull","Neutral","Bull","Bull","Bull","Bull","4","9"
"HVN","Bull","Bull","Bull","Bear","Neutral","Bull","Bull","4","Bull","Bull","Bull","Bull","Bull","Bull","Bull","5","9"
"MA","Bull","Bear","Bull","Bull","Bear","Bull","Bull","4","Bear","Bull","Bull","Bull","Bull","Bull","Bull","5","9"
"LMG","Bear","Bull","Bull","Bull","Bull","Bull","Bear","4","Bull","Bull","Bull","Bull","Bull","Bull","Bull","5","9"
"DAVIN","Bull","Bull","Bull","Bull","Neutral","Bull","Bull","5","Bull","Bull","Bull","Bull","Bull","Bear","Bull","4","9"
"SECB","Bull","Bull","Bull","Bear","Bear","Bull","Bear","3","Bull","Bull","Bull","Bull","Bull","Bull","Bull","5","8"
"SMC2H","Bull","Bear","Bull","Neutral","Bear","Bull","Bull","3","Bear","Bull","Bull","Bull","Bull","Bull","Bull","5","8"
"SPC","Bear","Bull","Bull","Bull","Bull","Bull","Bear","4","Bull","Bull","Bull","Neutral","Bull","Bull","Bull","4","8"
"RCI","Bull","Bull","Bull","Bull","Bull","Bull","Bull","5","Bull","Bull","Neutral","Bull","Bull","Bear","Bull","3","8"
"JGS","Bear","Bear","Bull","Bull","Bear","Bull","Bear","3","Bull","Bull","Bull","Bull","Bull","Bull","Bull","5","8"
"PRF3A","Bull","Bull","Bull","Neutral","Bull","Bull","Bear","3","Bull","Bull","Bull","Bull","Bull","Bull","Bull","5","8"
"FBP2","Bear","Bull","Neutral","Bull","Bull","Bear","Bull","3","Bear","Bull","Bull","Bull","Bull","Bull","Bull","5","8"
"ACE","Bear","Bear","Bull","Bull","Bear","Bull","Bear","3","Bear","Bull","Bull","Bull","Bull","Bull","Bull","5","8"
"PXP","Bull","Bull","Bull","Bull","Bull","Bull","Bull","5","Bull","Bull","Bear","Bull","Bull","Bear","Bull","3","8"
"RFM","Bull","Bull","Bull","Bear","Bear","Bear","Bear","2","Bull","Bull","Bull","Bull","Bull","Bull","Bull","5","7"
"ROX","Bear","Bull","Bull","Bull","Bull","Bull","Bull","5","Bull","Bull","Bear","Bear","Bull","Bear","Bull","2","7"
"CNPF","Bull","Bull","Bull","Bull","Bull","Bull","Bull","5","Bull","Bull","Neutral","Bear","Bear","Bear","Bull","2","7"
"PNX3B","Neutral","Bear","Bull","Neutral","Bear","Bull","Bear","2","Bear","Bull","Bull","Bull","Bull","Bull","Bull","5","7"
"NIKL","Bull","Bear","Bull","Bear","Bear","Bull","Bear","2","Bull","Bull","Bull","Bull","Bull","Bull","Bull","5","7"
"MVC","Bull","Bull","Bull","Bull","Bull","Bull","Bear","4","Bull","Bull","Bull","Neutral","Bear","Bear","Bull","3","7"
"HLCM","Bull","Bull","Neutral","Bear","Bull","Bear","Bull","2","Bull","Bull","Bull","Bull","Bull","Bull","Bull","5","7"
"MAB","Bull","Bear","Bull","Neutral","Bear","Bull","Bear","2","Bear","Bull","Bull","Bull","Bull","Bull","Bull","5","7"
"DMPA1","Bull","Bull","Bull","Bull","Neutral","Neutral","Bull","4","Bull","Bull","Bull","Bull","Neutral","Bear","Bear","3","7"
"RLC","Bull","Bull","Neutral","Bull","Bear","Bear","Bull","3","Bull","Bull","Bull","Bull","Bear","Bull","Bear","4","7"
"ANI","Bull","Bull","Bull","Bull","Bull","Bull","Bear","4","Bull","Bull","Bull","Bear","Bear","Bear","Bull","3","7"
"VVT","Bull","Bull","Bull","Bear","Bull","Bull","Bull","4","Bull","Bull","Bear","Bull","Bull","Bear","Bull","3","7"
"ACPB2","Bear","Bear","Bull","Bear","Bull","Bull","Bear","2","Bear","Bull","Bull","Bull","Bull","Bull","Bull","5","7"
"BDO","Bull","Bull","Bear","Neutral","Bear","Bear","Bull","2","Bull","Bull","Bull","Bull","Bull","Bull","Bull","5","7"
"SMC2F","Bull","Bear","Bull","Bear","Bear","Bull","Bear","2","Bear","Bull","Bull","Bull","Bull","Bull","Bull","5","7"
"AP","Bear","Bear","Bull","Neutral","Bear","Bull","Bear","2","Bull","Bull","Bull","Bull","Bull","Bull","Bull","5","7"
"TFC","Bull","Bull","Bear","Bull","Bull","Bear","Bull","3","Bull","Bear","Bull","Bull","Bear","Bull","Bull","4","7"
"GREEN","Bear","Bull","Bull","Bull","Bull","Bull","Bear","4","Bull","Bear","Neutral","Bear","Bear","Bull","Bull","2","6"
"PHN","Bear","Bear","Bull","Bull","Bear","Bear","Bear","2","Bear","Bear","Bull","Bull","Bull","Bull","Bull","4","6"
"EEI","Bear","Bear","Neutral","Bull","Bull","Bull","Bear","2","Bull","Bull","Bull","Bull","Bull","Bull","Bear","4","6"
"PRIM","Bull","Bull","Neutral","Bull","Neutral","Bear","Bull","3","Bull","Bear","Bull","Bull","Bear","Bear","Bull","3","6"
"DDPR","Bear","Bear","Neutral","Bear","Neutral","Bull","Bear","1","Bear","Bull","Bull","Bull","Bull","Bull","Bull","5","6"
"APC","Bull","Bear","Bull","Bear","Bear","Bear","Bear","1","Bear","Bull","Bull","Bull","Bull","Bull","Bull","5","6"
"SUN","Bull","Bear","Neutral","Neutral","Bear","Bear","Bull","1","Neutral","Bull","Bull","Bull","Bull","Bull","Bull","5","6"
"ROCK","Bear","Bear","Bear","Bear","Bear","Bull","Bear","1","Bull","Bull","Bull","Bull","Bull","Bull","Bull","5","6"
"SMC2C","Bull","Bear","Neutral","Bear","Bear","Bull","Bear","1","Bear","Bull","Bull","Bull","Bull","Bull","Bull","5","6"
"SBS","Bull","Bull","Bear","Neutral","Bear","Bear","Bull","2","Bull","Bull","Bull","Bull","Bear","Bull","Bear","4","6"
"SM","Bull","Bear","Neutral","Bear","Bear","Bull","Bear","1","Bear","Bull","Bull","Bull","Bull","Bull","Bull","5","6"
"BSC","Bull","Bull","Bear","Bull","Neutral","Bear","Bull","3","Bull","Bear","Bull","Bull","Bear","Bull","Bear","3","6"
"KPH","Bear","Bear","Bull","Bull","Bear","Bear","Bear","2","Bear","Bear","Neutral","Bull","Bull","Bull","Bull","3","5"
"CEB","Bull","Bear","Neutral","Bear","Bear","Bear","Bull","1","Bear","Bull","Bull","Bull","Bull","Bull","Bear","4","5"
"LOTO","Bear","Bull","Bull","Bull","Bull","Bull","Bull","5","Bull","Bear","Bear","Bear","Bear","Bear","Bear","0","5"
"MFC","Bull","Bull","Neutral","Bull","Bull","Neutral","Bull","3","Bull","Bull","Bear","Bear","Bear","Bear","Bull","2","5"
"IDC","Bear","Bear","Bear","Bull","Bear","Bear","Bear","1","Bear","Bear","Bull","Bull","Bull","Bull","Bull","4","5"
"CROWN","Bear","Bear","Bear","Bear","Bear","Bear","Bear","0","Bear","Bull","Bull","Bull","Bull","Bull","Bull","5","5"
"PPC","Bear","Bull","Bear","Bull","Bull","Bear","Bull","3","Bear","Bear","Bear","Bear","Bull","Bull","Bull","2","5"
"MPI","Bear","Bear","Neutral","Bear","Bear","Bull","Bear","1","Bull","Bull","Neutral","Bull","Bull","Bull","Bull","4","5"
"SHNG","Bull","Bear","Bull","Bear","Bear","Bear","Bear","1","Bull","Bull","Neutral","Bull","Bull","Bull","Bull","4","5"
"VMC","Bull","Bull","Neutral","Bull","Neutral","Bear","Bull","3","Bull","Bear","Bear","Bull","Bear","Bear","Bull","2","5"
"PHR","Bear","Bear","Neutral","Bear","Bull","Bull","Bull","2","Bear","Bull","Bear","Bull","Bull","Bear","Bear","2","4"
"HOUSE","Bear","Bear","Bear","Bear","Bear","Bear","Bear","0","Bear","Bull","Bull","Bull","Bull","Bull","Bear","4","4"
"ABA","Bull","Bear","Neutral","Neutral","Bear","Bear","Bear","0","Bull","Bull","Bull","Bull","Bull","Bull","Bear","4","4"
"AB","Bull","Bull","Neutral","Bull","Bear","Bear","Bull","3","Bull","Bear","Bear","Bear","Bear","Bear","Bull","1","4"
"FGEN","Bull","Bear","Bear","Bear","Bear","Bear","Bear","0","Bear","Bull","Bull","Bull","Bull","Bull","Bear","4","4"
"EAGLE","Bull","Bear","Bull","Bull","Bear","Bull","Bear","3","Bull","Bull","Bear","Bear","Bear","Bear","Bear","1","4"
"FERRO","Bear","Bear","Bear","Bear","Bear","Bull","Bear","1","Bear","Bear","Bull","Bull","Bull","Bull","Bear","3","4"
"CLI","Bull","Bear","Bear","Bull","Bear","Bear","Bear","1","Bear","Bear","Bull","Bull","Neutral","Bull","Bear","3","4"
"STR","Bear","Bear","Bear","Bull","Bull","Bull","Bull","3","Bear","Bear","Bear","Bear","Bear","Bull","Bear","1","4"
"DMPA2","Bear","Bear","Bull","Bear","Bear","Bull","Bear","2","Bear","Neutral","Bull","Bear","Bull","Bull","Bear","2","4"
"CPG","Bull","Bull","Bear","Bear","Bull","Bear","Bear","1","Neutral","Bear","Bull","Bull","Bear","Bull","Bear","3","4"
"AUB","Bull","Bull","Neutral","Bull","Bear","Bear","Bull","3","Bull","Bull","Bear","Neutral","Bear","Bear","Bear","1","4"
"RRHI","Bull","Bull","Neutral","Bull","Bear","Bear","Bear","2","Bear","Bull","Bear","Bear","Bull","Bear","Bear","1","3"
"ATI","Bear","Bear","Bear","Bear","Bear","Bear","Bear","0","Bear","Bear","Bull","Bull","Bull","Bull","Bear","3","3"
"GSMI","Bear","Bear","Bear","Bear","Bear","Bear","Bear","0","Bear","Bear","Bull","Bull","Bull","Bull","Bear","3","3"
"PX","Bull","Bear","Bear","Bear","Bear","Bear","Bear","0","Bear","Bull","Bear","Bull","Bull","Bull","Bear","3","3"
"PTC","Bear","Bear","Bear","Bear","Bull","Bull","Bear","1","Bear","Bear","Bear","Neutral","Neutral","Bull","Bull","2","3"
"ANS","Bear","Bear","Bear","Bear","Bear","Bear","Bear","0","Bear","Bear","Bull","Bull","Bull","Bull","Bear","3","3"
"ALCO","Bear","Bear","Bear","Bear","Bear","Bear","Bear","0","Bear","Bear","Bull","Bull","Bear","Bull","Bear","3","3"
"PBB","Bear","Bull","Bear","Bear","Bull","Bull","Bear","2","Bull","Bear","Neutral","Bear","Bear","Bull","Bear","1","3"
"URC","Bull","Bear","Bear","Bear","Bear","Bear","Bear","0","Bear","Bear","Bull","Bull","Bear","Bull","Bear","3","3"
"DMW","Bull","Bull","Neutral","Bull","Bull","Bear","Bull","3","Bull","Bear","Bear","Bear","Bear","Bear","Bear","0","3"
"BLOOM","Bear","Bear","Neutral","Bull","Bear","Bull","Bear","2","Bull","Bear","Neutral","Bear","Bear","Bull","Bear","1","3"
"CDC","Bull","Bull","Neutral","Bull","Bear","Bear","Bull","3","Bull","Bear","Bear","Bear","Bear","Bear","Bear","0","3"
"CIP","Bear","Bear","Bull","Bull","Bear","Bear","Bear","2","Bear","Bear","Bear","Bull","Neutral","Bear","Bear","1","3"
"SEVN","Bear","Bear","Bear","Bear","Bear","Bear","Bear","0","Bear","Bear","Bull","Bull","Bull","Bull","Bear","3","3"
"ALI","Bear","Bear","Bear","Bear","Bear","Bear","Bear","0","Bear","Bear","Bull","Bull","Bear","Bull","Bear","3","3"
"PIP","Bear","Bear","Bear","Bear","Bear","Bear","Bear","0","Bear","Bull","Neutral","Bull","Bull","Bull","Bear","3","3"
"FMETF","Bull","Bull","Bear","Bear","Bear","Bear","Bear","1","Bull","Bear","Bull","Bear","Bear","Bull","Bear","2","3"
"ALLHC","Bear","Bear","Bear","Bear","Bear","Bear","Bear","0","Bear","Bear","Bull","Bull","Bear","Bull","Bear","3","3"
"SSI","Bear","Bear","Bear","Bear","Bear","Bear","Bear","0","Bear","Bear","Bull","Neutral","Bear","Bull","Bear","2","2"
"WEB","Bull","Bear","Bear","Neutral","Bear","Bear","Bull","1","Bear","Bear","Bear","Bull","Bear","Bear","Bear","1","2"
"MARC","Bear","Bear","Bear","Bear","Bear","Bear","Bear","0","Bear","Bear","Bear","Bull","Bear","Bear","Bull","2","2"
"MAXS","Bull","Bear","Bear","Bear","Bear","Bear","Bear","0","Bear","Bear","Bull","Bear","Bear","Bull","Bear","2","2"
"KPPI","Bull","Bear","Bear","Bear","Bear","Bear","Bear","0","Bear","Bear","Bull","Bull","Neutral","Neutral","Bear","2","2"
"MG","Bear","Bear","Bear","Bull","Neutral","Bull","Bear","2","Bear","Bear","Bear","Bear","Bear","Bear","Bear","0","2"
"PNX3A","Neutral","Neutral","Bear","Bull","Neutral","Bear","Bear","1","Neutral","Bear","Neutral","Bull","Bear","Bear","Bear","1","2"
"SCC","Bull","Bull","Neutral","Bear","Bear","Bear","Bull","2","Bull","Bear","Bear","Neutral","Bear","Bear","Bear","0","2"
"MRSGI","Bull","Bear","Bear","Bull","Bear","Bear","Bull","2","Bear","Bear","Bear","Bear","Bear","Bear","Bear","0","2"
"MWIDE","Bear","Bear","Bear","Bear","Bear","Bull","Bear","1","Bear","Bear","Bear","Bear","Bear","Bull","Bear","1","2"
"SHLPH","Bull","Neutral","Bear","Bull","Bear","Bear","Bull","2","Bear","Bear","Bear","Bear","Bear","Bear","Bear","0","2"
"NI","Bear","Bear","Bear","Bear","Bear","Bear","Bear","0","Bear","Bear","Bear","Bull","Bull","Bear","Bull","2","2"
"PSB","Bear","Bear","Neutral","Bear","Bull","Bull","Bull","2","Bear","Bear","Bear","Bear","Neutral","Bear","Bear","0","2"
"NOW","Bull","Bear","Bear","Bear","Bear","Bear","Bear","0","Bear","Bear","Bear","Bull","Bull","Bear","Bull","2","2"
"PAL","Bull","Bull","Bear","Bear","Bear","Bear","Bull","2","Bear","Bear","Bear","Bear","Bear","Bear","Bear","0","2"
"TECB2","Bear","Bear","Neutral","Bear","Bear","Bear","Bear","0","Bear","Bear","Bull","Bear","Neutral","Bull","Bear","2","2"
"PGOLD","Bull","Bull","Bear","Bear","Bear","Bear","Bull","2","Bear","Bear","Bear","Bear","Bear","Bear","Bear","0","2"
"2GO","Bull","Bull","Bear","Neutral","Bear","Bear","Bull","2","Bear","Bear","Bear","Bear","Bear","Bear","Bear","0","2"
"JFC","Bull","Bull","Bear","Bear","Bull","Bear","Bull","2","Bull","Bear","Bear","Bear","Bear","Bear","Bear","0","2"
"GMAP","Bull","Bull","Bear","Bear","Bear","Bear","Bull","2","Bear","Bear","Bear","Bear","Bear","Bear","Bear","0","2"
"FPH","Bear","Bear","Bear","Bear","Bear","Bear","Bear","0","Bear","Bear","Bull","Bear","Bear","Bull","Bear","2","2"
"COAL","Bear","Bear","Neutral","Bull","Bull","Bull","Bear","2","Neutral","Bear","Bear","Bear","Bear","Bear","Bear","0","2"
"FNI","Bull","Bear","Bear","Bear","Bear","Bear","Bear","0","Bear","Bear","Neutral","Bull","Neutral","Neutral","Bull","2","2"
"FFI","Bear","Bear","Bear","Bear","Bear","Bull","Bear","1","Bear","Bear","Bear","Bull","Bear","Bear","Bear","1","2"
"EW","Bear","Bear","Bear","Bear","Bear","Bull","Bear","1","Bear","Bull","Bear","Bear","Bull","Bear","Bear","1","2"
"GTCAP","Bear","Bear","Bear","Bear","Bear","Bear","Bear","0","Bear","Bear","Neutral","Bull","Bull","Bull","Bear","2","2"
"BRN","Bear","Bear","Neutral","Bear","Bear","Bear","Bear","0","Bear","Bear","Neutral","Bull","Bull","Bull","Bear","2","2"
"CAB","Bull","Bull","Bear","Bear","Bear","Bear","Bear","1","Bear","Bear","Bear","Bull","Bear","Bear","Bear","1","2"
"CEU","Bear","Bull","Bear","Bear","Bull","Bull","Bear","2","Bull","Bear","Bear","Bear","Bear","Bear","Bear","0","2"
"CHP","Bear","Bear","Bear","Bear","Bear","Bear","Bear","0","Bear","Bear","Neutral","Bull","Bull","Bull","Bear","2","2"
"CYBR","Bull","Bear","Bear","Bear","Bear","Bear","Bull","1","Bear","Bear","Bear","Bear","Bear","Bull","Bear","1","2"
"CPM","Bear","Bear","Bear","Bear","Bear","Bear","Bear","0","Bear","Bear","Bull","Bear","Bear","Bull","Bear","2","2"
"COL","Bear","Bear","Bear","Bear","Neutral","Bear","Bear","0","Bear","Bear","Bull","Bear","Bear","Bull","Bear","2","2"
"C","Bear","Bear","Bear","Bear","Bear","Bear","Bear","0","Bear","Bear","Bull","Bull","Bear","Bear","Bear","2","2"
"ICT","Bear","Bear","Bear","Bear","Bear","Bear","Bear","0","Bear","Bear","Bull","Bear","Bear","Bull","Bear","2","2"
"CIC","Bull","Bull","Bear","Bull","Bear","Bear","Bear","2","Bear","Bear","Bear","Bear","Bear","Bear","Bear","0","2"
"APL","Bear","Bear","Bear","Bear","Bear","Bear","Bear","0","Bear","Bear","Bear","Bull","Bull","Bull","Bear","2","2"
"MER","Bull","Bear","Neutral","Bull","Bear","Bear","Bear","1","Bull","Bear","Neutral","Bear","Bear","Bear","Bear","0","1"
"FB","Bull","Bull","Bear","Neutral","Bear","Bear","Bear","1","Bear","Bear","Neutral","Bear","Bear","Bear","Bear","0","1"
"PIZZA","Bear","Bear","Bear","Bear","Bear","Bear","Bear","0","Bear","Bear","Bear","Bear","Bear","Bull","Bear","1","1"
"PLC","Bear","Bear","Bear","Neutral","Bear","Bull","Bear","1","Bear","Bear","Bear","Bear","Bear","Bear","Bear","0","1"
"PNX","Bull","Bull","Neutral","Neutral","Bull","Bear","Bear","1","Bull","Bear","Bear","Bear","Bear","Bear","Bear","0","1"
"VITA","Bull","Bear","Neutral","Bull","Bear","Bear","Bear","1","Bull","Bear","Bear","Bear","Bear","Bear","Bear","0","1"
"SMC","Bear","Bear","Bear","Bear","Bear","Bear","Bear","0","Bear","Bear","Neutral","Bear","Bear","Bull","Bear","1","1"
"AEV","Bear","Bear","Bear","Bear","Bear","Bull","Bear","1","Bull","Bear","Bear","Bear","Bear","Bear","Bear","0","1"
"DIZ","Bull","Bear","Bull","Neutral","Bear","Bear","Bear","1","Bear","Bear","Bear","Bear","Bull","Bear","Bear","0","1"
"IS","Neutral","Bear","Bear","Neutral","Bear","Bear","Bear","0","Bear","Bear","Bear","Bear","Neutral","Bull","Bear","1","1"
"DD","Bear","Bear","Bear","Bear","Bear","Bear","Bear","0","Bear","Bear","Bear","Bear","Bear","Bull","Bear","1","1"
"RCB","Bear","Bear","Bear","Bear","Bear","Bear","Bear","0","Bear","Bear","Bear","Bull","Bear","Bear","Bear","1","1"
"COSCO","Bull","Bull","Bear","Neutral","Bear","Bear","Bear","1","Bear","Bear","Bear","Bear","Bear","Bear","Bear","0","1"
"WPI","Bull","Bear","Bear","Bear","Bear","Bear","Bear","0","Bear","Bear","Neutral","Bear","Bear","Bull","Bear","1","1"
"MAC","Bull","Bear","Bear","Bear","Bear","Bear","Bear","0","Bear","Bear","Neutral","Bear","Bear","Bull","Bear","1","1"
"SOC","Bull","Bear","Bear","Bull","Bear","Bear","Bear","1","Bear","Bear","Bear","Bear","Bear","Bear","Bear","0","1"
"FDC","Bear","Bear","Bear","Bear","Bear","Bear","Bear","0","Bear","Bear","Neutral","Bear","Bear","Bull","Bear","1","1"
"OV","Neutral","Neutral","Neutral","Neutral","Neutral","Neutral","Bear","0","Neutral","Neutral","Bear","Neutral","Neutral","Bear","Bull","1","1"
"AR","Bear","Bear","Bear","Neutral","Neutral","Neutral","Bull","1","Bear","Bear","Bear","Bear","Bear","Bear","Bear","0","1"
"STI","Bear","Bear","Bear","Bear","Bear","Bear","Bear","0","Bear","Bear","Bear","Neutral","Bear","Bull","Bear","1","1"
"GERI","Bull","Bear","Bear","Bear","Bear","Bear","Bear","0","Bear","Bear","Neutral","Bear","Bear","Bull","Bear","1","1"
"OM","Bear","Bear","Bear","Bull","Bull","Bear","Bear","1","Bear","Bear","Bear","Bear","Bear","Bear","Bear","0","1"
"ARA","Bear","Bear","Bear","Bear","Bear","Bear","Bear","0","Bear","Bear","Bear","Bear","Bear","Bull","Bear","1","1"
"MHC","Bull","Bear","Bear","Bear","Bear","Bear","Bear","0","Bear","Bear","Neutral","Bull","Bear","Bear","Bear","1","1"
"ABS","Bull","Bear","Bear","Bear","Bear","Bear","Bear","0","Bear","Bear","Bear","Bear","Bull","Bear","Bear","0","0"
"TBGI","Bear","Bear","Bear","Bear","Bear","Bear","Bear","0","Bear","Bear","Bear","Bear","Bear","Bear","Bear","0","0"
"CEI","Bull","Bear","Bear","Bear","Bear","Bear","Bear","0","Bear","Bear","Bear","Bear","Bear","Bear","Bear","0","0"
"T","Bear","Bear","Bear","Bear","Bear","Bear","Bear","0","Bear","Bear","Bear","Bear","Bear","Bear","Bear","0","0"
"CHIB","Bear","Bear","Bear","Bear","Bear","Bear","Bear","0","Bear","Bear","Bear","Bear","Bear","Bear","Bear","0","0"
"AC","Bear","Bear","Bear","Bear","Bear","Bear","Bear","0","Bear","Bear","Bear","Bear","Bear","Bear","Bear","0","0"
"TFHI","Bull","Bear","Bear","Bear","Bear","Bear","Bear","0","Bear","Bear","Bear","Bear","Bear","Bear","Bear","0","0"
"ABG","Bear","Bear","Bear","Bear","Bear","Bear","Bear","0","Bear","Bear","Bear","Bear","Bear","Bear","Bear","0","0"
"TEL","Bear","Bear","Bear","Bear","Bear","Bear","Bear","0","Bear","Bear","Bear","Bear","Bear","Bear","Bear","0","0"
"APO","Bear","Bear","Bear","Bear","Bear","Bear","Bear","0","Bear","Bear","Bear","Bear","Neutral","Bear","Bear","0","0"
"VUL","Bear","Bear","Bear","Bear","Bear","Bear","Bear","0","Bear","Bear","Bear","Bear","Bear","Bear","Bear","0","0"
"APX","Bear","Bear","Bear","Bear","Bear","Bear","Bear","0","Bear","Bear","Bear","Bear","Bull","Bear","Bear","0","0"
"ACR","Bear","Bear","Bear","Bear","Bear","Bear","Bear","0","Bear","Bear","Bear","Bear","Bear","Bear","Bear","0","0"
"AT","Bear","Bear","Bear","Bear","Bear","Bear","Bear","0","Bear","Bear","Bear","Bear","Bear","Bear","Bear","0","0"
"BHI","Bear","Bear","Bear","Bear","Bear","Bear","Bear","0","Bear","Bear","Bear","Bear","Bear","Bear","Bear","0","0"
"BEL","Bear","Bear","Bear","Bear","Bear","Bear","Bear","0","Bear","Bear","Bear","Bear","Bear","Bear","Bear","0","0"
"SSP","Bull","Bear","Bear","Bear","Bear","Bear","Bear","0","Bear","Bear","Bear","Bear","Bear","Bear","Bear","0","0"
"TUGS","Bull","Bear","Bear","Bear","Bear","Bear","Bear","0","Bear","Bear","Bear","Bear","Bear","Bear","Bear","0","0"
"TECH","Bear","Bear","Bear","Bear","Bear","Bear","Bear","0","Bear","Bear","Bear","Bear","Bear","Bear","Bear","0","0"
"BCOR","Bear","Bear","Bear","Bear","Bear","Bear","Bear","0","Bear","Bear","Bear","Bear","Bear","Bear","Bear","0","0"
"BC","Bear","Bear","Bear","Bear","Bear","Bear","Bear","0","Bear","Bear","Bear","Bear","Bear","Bear","Bear","0","0"
"ATNB","Bear","Bear","Bear","Bear","Bear","Bear","Bear","0","Bear","Bear","Bear","Bear","Bear","Bear","Bear","0","0"
"ATN","Bear","Bear","Bear","Bear","Bear","Bear","Bear","0","Bear","Bear","Bear","Bear","Bear","Bear","Bear","0","0"
"AGI","Bear","Bear","Bear","Bear","Bear","Bear","Bear","0","Bear","Bear","Bear","Bear","Bear","Bear","Bear","0","0"
"CA","Bull","Bear","Bear","Bear","Bear","Bear","Bear","0","Bear","Bear","Bear","Neutral","Bear","Bear","Bear","0","0"
"UBP","Bear","Bear","Bear","Bear","Bear","Bear","Bear","0","Bear","Bear","Bear","Bear","Bear","Bear","Bear","0","0"
"DMC","Bull","Bear","Bear","Bear","Bear","Bear","Bear","0","Bear","Bear","Bear","Bear","Bear","Bear","Bear","0","0"
"DFNN","Bear","Bear","Bear","Bear","Bear","Bear","Bear","0","Bear","Bear","Bear","Bear","Bear","Bear","Bear","0","0"
"HI","Bear","Bear","Bear","Bear","Bear","Bear","Bear","0","Bear","Bear","Bear","Bear","Bear","Bear","Bear","0","0"
"IMI","Bull","Bear","Bear","Bear","Bear","Bear","Bear","0","Bear","Bear","Bear","Bear","Bear","Bear","Bear","0","0"
"MEG","Bull","Bear","Bear","Bear","Bear","Bear","Bear","0","Bear","Bear","Bear","Bear","Bear","Bear","Bear","0","0"
"MED","Bear","Bear","Bear","Bear","Bear","Bear","Bear","0","Bear","Bear","Bear","Bear","Bear","Bear","Bear","0","0"
"MBT","Bull","Bear","Bear","Bear","Bear","Bear","Bear","0","Bear","Bear","Bear","Bear","Bear","Bear","Bear","0","0"
"MB","Bull","Bear","Bear","Bear","Bear","Bear","Bear","0","Bear","Bear","Bear","Bear","Bear","Bear","Bear","0","0"
"IMP","Bear","Bear","Bear","Bear","Bear","Bear","Bear","0","Bear","Bear","Bear","Bear","Bear","Bear","Bear","0","0"
"ION","Bull","Bear","Bear","Bear","Bear","Bear","Bear","0","Neutral","Bear","Bear","Bear","Bear","Bear","Bear","0","0"
"MAH","Bear","Bear","Bear","Bear","Bear","Bear","Bear","0","Bear","Bear","Bear","Bear","Bear","Bear","Bear","0","0"
"IPM","Bear","Bear","Bear","Bear","Bear","Bear","Bear","0","Bear","Bear","Bear","Bear","Bear","Bear","Bear","0","0"
"IRC","Bear","Bear","Bear","Bear","Bear","Bear","Bear","0","Bear","Bear","Bear","Bear","Bear","Bear","Bear","0","0"
"LTG","Bear","Bear","Bear","Bear","Bear","Bear","Bear","0","Bear","Bear","Bear","Bear","Bear","Bear","Bear","0","0"
"LR","Bear","Bear","Bear","Bear","Bear","Bear","Bear","0","Bear","Bear","Bear","Bear","Bear","Bear","Bear","0","0"
"LPZ","Bear","Bear","Bear","Bear","Bear","Bear","Bear","0","Bear","Bear","Bear","Bear","Bear","Bear","Bear","0","0"
"ISM","Bear","Bear","Bear","Bear","Bear","Bear","Bear","0","Bear","Bear","Bear","Neutral","Bear","Bear","Bear","0","0"
"LCB","Bull","Bear","Bear","Neutral","Bear","Bear","Bear","0","Bear","Bear","Bear","Bear","Bear","Bear","Bear","0","0"
"LBC","Bear","Bear","Bear","Bear","Bear","Bear","Bear","0","Bear","Bear","Bear","Bear","Bear","Bear","Bear","0","0"
"MRC","Neutral","Bear","Bear","Bear","Bear","Bear","Bear","0","Bear","Bear","Bear","Bear","Bear","Bear","Bear","0","0"
"DELM","Bear","Bear","Bear","Neutral","Bear","Bear","Bear","0","Bear","Bear","Bear","Bear","Bear","Bear","Bear","0","0"
"MWC","Bull","Bear","Bear","Bear","Bear","Bear","Bear","0","Bear","Bear","Bear","Bear","Bear","Bear","Bear","0","0"
"GLO","Bull","Bear","Bear","Bear","Bear","Bear","Bear","0","Bear","Bear","Bear","Bear","Bear","Bear","Bear","0","0"
"PSE","Bear","Bear","Bear","Bear","Bear","Bear","Bear","0","Bear","Bear","Bear","Bear","Bear","Bear","Bear","0","0"
"PRMX","Bull","Bear","Bear","Bear","Bear","Bear","Bear","0","Bear","Bear","Bear","Bear","Bear","Bear","Bear","0","0"
"X","Bear","Bear","Bear","Bear","Bear","Bear","Bear","0","Bear","Bear","Bear","Bear","Bear","Bear","Bear","0","0"
"DNL","Bear","Bear","Bear","Bear","Bear","Bear","Bear","0","Bear","Bear","Bear","Bear","Bear","Bear","Bear","0","0"
"ECP","Bear","Bear","Bear","Bear","Bear","Bear","Bear","0","Bear","Bear","Bear","Bear","Neutral","Bear","Bear","0","0"
"ELI","Neutral","Bear","Bear","Bear","Bear","Bear","Bear","0","Bear","Bear","Bear","Bear","Bear","Bear","Bear","0","0"
"EMP","Bear","Bear","Bear","Bear","Bear","Bear","Bear","0","Bear","Bear","Bear","Bear","Bear","Bear","Bear","0","0"
"PNB","Bear","Bear","Bear","Bear","Bear","Bear","Bear","0","Bear","Bear","Bear","Bear","Bear","Bear","Bear","0","0"
"PMPC","Bear","Bear","Bear","Bear","Bear","Bear","Bear","0","Bear","Bear","Bear","Bear","Bear","Bear","Bear","0","0"
"PHES","Neutral","Bear","Bear","Bear","Bear","Bear","Bear","0","Bear","Bear","Bear","Bear","Bear","Bear","Bear","0","0"
"PHA","Bear","Bear","Bear","Bear","Bear","Bear","Bear","0","Bear","Bear","Bear","Bear","Bear","Bear","Bear","0","0"
"FLI","Bear","Bear","Bear","Bear","Bear","Bear","Bear","0","Bear","Bear","Bear","Neutral","Bear","Bear","Bear","0","0"
"PCOR","Bull","Bear","Bear","Bear","Bear","Bear","Bear","0","Bear","Bear","Bear","Bear","Bear","Bear","Bear","0","0"
"FOOD","Bull","Bear","Bear","Neutral","Bear","Bear","Bear","0","Bear","Bear","Bear","Bear","Bear","Bear","Bear","0","0"
"PA","Bear","Bear","Bear","Bear","Bear","Bear","Bear","0","Bear","Bear","Bear","Bear","Bear","Bear","Bear","0","0"
"NRCP","Bear","Bear","Bear","Bear","Bear","Bear","Bear","0","Bear","Bear","Bear","Bear","Bear","Bear","Bear","0","0"
"GEO","Bear","Bear","Bear","Bear","Bear","Bear","Bear","0","Bear","Bear","Bear","Bear","Neutral","Bear","Bear","0","0"
"GMA7","Bull","Bear","Bear","Bear","Bear","Bear","Bear","0","Bear","Bear","Bear","Bear","Bear","Bear","Bear","0","0"
"ZHI","Bear","Bear","Bear","Bear","Bear","Bear","Bear","0","Bear","Bear","Bear","Bear","Bear","Bear","Bear","0","0"
