#TYPE System.Management.Automation.PSCustomObject
"Stock","Date","Trigger","Rating"
"SMC2G","41_2019","W: TS Cross","10"
"SMC2G","2019-10-10","D: KS Cross","10"
"WLCON","2019-10-10","D: CS Breakout","10"
"SMC2D","2019-10-10","D: KS Cross","9"
"HVN","2019-10-10","D: KS Cross","9"
"SMPH","41_2019","W: KS Cross","9"
"MWP","41_2019","W: Kumo Twist","9"
"MWP","41_2019","W: TS/KS Cross","9"
"MWP","41_2019","W: Kumo Breakout","9"
"MWP","2019-10-10","D: CS Breakout","9"
"SMC2D","2019-10-10","D: TS Cross","9"
"MA","41_2019","W: Kumo Breakout","9"
"MA","2019-10-10","D: CS Breakout","9"
"MA","2019-10-10","D: Kumo Breakout","9"
"MA","2019-10-10","D: TS Cross","9"
"HVN","41_2019","W: TS Cross","9"
"HVN","2019-10-10","D: Kumo Breakout","9"
"PPG","2019-10-10","D: Kumo Breakout","9"
"PPG","2019-10-10","D: CS Breakout","9"
"PPG","2019-10-10","D: KS Cross","9"
"HVN","2019-10-10","D: TS Cross","9"
"PPG","41_2019","W: TS Cross","9"
"BPI","2019-10-10","D: TS Cross","9"
"SECB","2019-10-10","D: Kumo Breakout","8"
"SECB","2019-10-10","D: KS Cross","8"
"JGS","2019-10-10","D: CS Breakout","8"
"SECB","2019-10-10","D: TS Cross","8"
"PRF3A","41_2019","W: TS Cross","8"
"RCI","2019-10-10","D: TS Cross","8"
"PXP","41_2019","W: TS Cross","8"
"SMC2H","2019-10-10","D: TS Cross","8"
"PXP","2019-10-10","D: TS/KS Cross","8"
"PRF3A","41_2019","W: KS Cross","8"
"RCI","41_2019","W: Kumo Entry","8"
"RLC","2019-10-10","D: KS Cross","7"
"RLC","2019-10-10","D: Kumo Entry","7"
"MVC","2019-10-10","D: Kumo Breakout","7"
"MAB","41_2019","W: KS Cross","7"
"MAB","2019-10-10","D: Kumo Breakout","7"
"RLC","2019-10-10","D: CS Breakout","7"
"RLC","41_2019","W: TS Cross","7"
"RLC","41_2019","W: KS Cross","7"
"ROX","41_2019","W: TS Cross","7"
"TFC","41_2019","W: CS Breakout","7"
"MAB","2019-10-10","D: TS Cross","7"
"CNPF","41_2019","W: KS Cross","7"
"VVT","41_2019","W: TS Cross","7"
"CNPF","41_2019","W: Kumo Entry","7"
"AP","41_2019","W: KS Cross","7"
"AP","41_2019","W: TS Cross","7"
"ANI","41_2019","W: Kumo Breakout","7"
"VVT","41_2019","W: CS Breakout","7"
"VVT","2019-10-10","D: Kumo Breakout","7"
"VVT","2019-10-10","D: KS Cross","7"
"VVT","2019-10-10","D: TS Cross","7"
"PRIM","41_2019","W: Kumo Breakout","6"
"SMC2C","41_2019","W: Kumo Breakout","6"
"SUN","2019-10-10","D: TS Cross","6"
"SUN","41_2019","W: KS Cross","6"
"PRIM","2019-10-10","D: Kumo Entry","6"
"PRIM","41_2019","W: TS Cross","6"
"EEI","2019-10-10","D: CS Breakout","6"
"APC","41_2019","W: KS Cross","6"
"BSC","41_2019","W: TS Cross","6"
"SM","2019-10-10","D: Kumo Entry","6"
"APC","2019-10-10","D: TS Cross","6"
"SM","2019-10-10","D: TS Cross","6"
"ROCK","41_2019","W: TS Cross","6"
"BSC","41_2019","W: Kumo Breakout","6"
"SHNG","2019-10-10","D: TS Cross","5"
"PPC","2019-10-10","D: TS/KS Cross","5"
"PPC","2019-10-10","D: KS Cross","5"
"VMC","41_2019","W: CS Breakout","5"
"SHNG","2019-10-10","D: Kumo Breakout","5"
"VMC","41_2019","W: TS Cross","5"
"CPG","41_2019","W: CS Breakout","4"
"EAGLE","2019-10-10","D: TS Cross","4"
"FERRO","41_2019","W: TS/KS Cross","4"
"FGEN","2019-10-10","D: TS Cross","4"
"STR","41_2019","W: Kumo Twist","4"
"CLI","2019-10-10","D: TS Cross","4"
"STR","2019-10-10","D: Kumo Twist","4"
"EAGLE","41_2019","W: KS Cross","4"
"STR","2019-10-10","D: TS/KS Cross","4"
"PHR","2019-10-10","D: Kumo Entry","4"
"ABA","41_2019","W: TS Cross","4"
"ABA","2019-10-10","D: TS Cross","4"
"AB","41_2019","W: TS Cross","4"
"CPG","2019-10-10","D: TS/KS Cross","4"
"PHR","41_2019","W: KS Cross","4"
"RRHI","2019-10-10","D: Kumo Entry","3"
"RRHI","2019-10-10","D: KS Cross","3"
"RRHI","2019-10-10","D: CS Breakout","3"
"FMETF","2019-10-10","D: KS Cross","3"
"FMETF","2019-10-10","D: TS Cross","3"
"FMETF","41_2019","W: TS Cross","3"
"CDC","2019-10-10","D: TS Cross","3"
"PX","41_2019","W: KS Cross","3"
"CDC","2019-10-10","D: KS Cross","3"
"DMW","41_2019","W: TS Cross","3"
"CDC","2019-10-10","D: Kumo Entry","3"
"CDC","2019-10-10","D: CS Breakout","3"
"DMW","2019-10-10","D: TS Cross","3"
"DMW","2019-10-10","D: Kumo Entry","3"
"PX","2019-10-10","D: TS Cross","3"
"CYBR","2019-10-10","D: TS Cross","2"
"GMAP","2019-10-10","D: TS Cross","2"
"GMAP","2019-10-10","D: KS Cross","2"
"GTCAP","41_2019","W: CS Breakout","2"
"FNI","2019-10-10","D: TS Cross","2"
"COAL","2019-10-10","D: CS Breakout","2"
"SCC","41_2019","W: TS Cross","2"
"PGOLD","2019-10-10","D: KS Cross","2"
"PNX3A","2019-10-10","D: CS Breakout","2"
"JFC","41_2019","W: TS Cross","2"
"CIC","2019-10-10","D: CS Breakout","2"
"KPPI","2019-10-10","D: TS Cross","2"
"CHP","41_2019","W: CS Breakout","2"
"EW","2019-10-10","D: Kumo Twist","2"
"CAB","41_2019","W: CS Breakout","2"
"MRSGI","2019-10-10","D: CS Breakout","2"
"2GO","2019-10-10","D: KS Cross","2"
"VITA","41_2019","W: TS Cross","1"
"VITA","2019-10-10","D: CS Breakout","1"
"SOC","2019-10-10","D: CS Breakout","1"
"WPI","41_2019","W: Kumo Entry","1"
"PNX","41_2019","W: TS Cross","1"
"OV","2019-10-10","D: Kumo Entry","1"
"OM","2019-10-10","D: CS Breakout","1"
"MER","2019-10-10","D: CS Breakout","1"
"MER","2019-10-10","D: Kumo Entry","1"
"MER","2019-10-10","D: TS Cross","1"
"COSCO","2019-10-10","D: KS Cross","1"
"GERI","2019-10-10","D: TS Cross","1"
"RCB","41_2019","W: CS Breakout","1"
"GERI","41_2019","W: Kumo Entry","1"
"ABS","2019-10-10","D: TS Cross","0"
"CEI","2019-10-10","D: TS Cross","0"
"GLO","2019-10-10","D: TS Cross","0"
"MB","2019-10-10","D: TS Cross","0"
"IMI","2019-10-10","D: TS Cross","0"
"ION","2019-10-10","D: TS Cross","0"
"MBT","2019-10-10","D: TS Cross","0"
"MEG","2019-10-10","D: TS Cross","0"
"SSP","2019-10-10","D: TS Cross","0"
"PCOR","2019-10-10","D: TS Cross","0"
"GMA7","2019-10-10","D: TS Cross","0"
"MWC","2019-10-10","D: TS Cross","0"
