#TYPE System.Management.Automation.PSCustomObject
"Stock","Date","Trigger","Rating"
"ALCPC","41_2019","W: TS Cross","10"
"ALCPC","41_2019","W: KS Cross","10"
"ALCPC","41_2019","W: TS/KS Cross","10"
"PBC","41_2019","W: CS Breakout","10"
"ALCPC","2019-10-08","D: TS Cross","10"
"ALCPC","2019-10-08","D: KS Cross","10"
"PBC","41_2019","W: TS Cross","10"
"PBC","41_2019","W: KS Cross","10"
"PBC","41_2019","W: Kumo Breakout","10"
"ALCPC","41_2019","W: Kumo Twist","10"
"PBC","2019-10-08","D: KS Cross","10"
"PBC","2019-10-08","D: CS Breakout","10"
"PRF3B","2019-10-07","D: TS Cross","10"
"VLL","2019-10-09","D: CS Breakout","10"
"ACPB1","2019-10-09","D: KS Cross","10"
"PBC","2019-10-08","D: TS Cross","10"
"ACPB1","2019-10-09","D: TS Cross","10"
"PBC","2019-10-08","D: Kumo Breakout","10"
"MFIN","39_2019","W: Kumo Entry","9"
"MFIN","2019-09-25","D: TS Cross","9"
"MFIN","39_2019","W: CS Breakout","9"
"MFIN","2019-09-25","D: TS/KS Cross","9"
"MFIN","2019-09-25","D: CS Breakout","9"
"BMM","2019-10-08","D: KS Cross","9"
"MFIN","2019-09-25","D: Kumo Breakout","9"
"BMM","2019-10-08","D: Kumo Breakout","9"
"PRF3A","41_2019","W: KS Cross","9"
"MFIN","39_2019","W: TS Cross","9"
"BMM","2019-10-08","D: CS Breakout","9"
"MFIN","2019-09-25","D: KS Cross","9"
"BMM","2019-10-08","D: TS Cross","9"
"PRF3A","41_2019","W: TS Cross","9"
"PRF3A","2019-10-09","D: CS Breakout","9"
"MFIN","39_2019","W: Kumo Twist","9"
"ALCPB","40_2019","W: TS Cross","9"
"ALCPB","40_2019","W: KS Cross","9"
"ALCPB","2019-10-02","D: KS Cross","9"
"CSB","40_2019","W: Kumo Twist","9"
"ALCPB","2019-10-02","D: TS Cross","9"
"APM","2013-05-10","D: KS Cross","9"
"APM","19_2013","W: TS Cross","9"
"BMM","41_2019","W: Kumo Twist","9"
"ALCPB","40_2019","W: Kumo Breakout","9"
"CSB","2019-10-02","D: TS/KS Cross","9"
"EIBA","20_2009","W: Kumo Entry","8"
"MWP","41_2019","W: Kumo Breakout","8"
"MWP","41_2019","W: Kumo Twist","8"
"OVB","2007-01-23","D: TS Cross","8"
"OVB","4_2007","W: Kumo Breakout","8"
"OVB","4_2007","W: TS Cross","8"
"OVB","2007-01-23","D: KS Cross","8"
"RCM","2012-07-12","D: CS Breakout","8"
"MWP","41_2019","W: TS/KS Cross","8"
"AP","41_2019","W: KS Cross","7"
"APC","41_2019","W: KS Cross","7"
"ROX","41_2019","W: TS Cross","7"
"TFC","41_2019","W: CS Breakout","7"
"CNPF","2019-10-09","D: Kumo Twist","7"
"ANI","41_2019","W: Kumo Breakout","7"
"ROX","2019-10-08","D: KS Cross","7"
"CNPF","41_2019","W: KS Cross","7"
"MGH","51_2018","W: KS Cross","6"
"MGH","51_2018","W: Kumo Breakout","6"
"MGH","2018-12-20","D: Kumo Breakout","6"
"MGH","2018-12-20","D: CS Breakout","6"
"MGH","51_2018","W: TS Cross","6"
"TLJJ","51_2018","W: Kumo Breakout","6"
"FYNB","51_2018","W: CS Breakout","6"
"GLOPA","51_2018","W: Kumo Breakout","6"
"GLOPA","2018-12-20","D: TS Cross","6"
"MGH","51_2018","W: CS Breakout","6"
"TLJJ","51_2018","W: KS Cross","6"
"MGH","2018-12-20","D: KS Cross","6"
"MGH","2018-12-20","D: TS Cross","6"
"GLOPA","51_2018","W: CS Breakout","6"
"IDC","41_2019","W: KS Cross","6"
"IDC","2019-10-09","D: CS Breakout","6"
"TLJJ","51_2018","W: CS Breakout","6"
"GLOPA","2018-12-20","D: Kumo Breakout","6"
"TLII","2018-12-20","D: Kumo Breakout","6"
"GLOPA","2018-12-20","D: CS Breakout","6"
"GLOPA","51_2018","W: KS Cross","6"
"GLOPA","51_2018","W: TS Cross","6"
"TLJJ","2018-12-20","D: TS Cross","6"
"ROCK","41_2019","W: TS Cross","6"
"TLII","51_2018","W: Kumo Breakout","6"
"TLII","51_2018","W: CS Breakout","6"
"PNXP","51_2018","W: CS Breakout","6"
"PNXP","51_2018","W: Kumo Breakout","6"
"TLJJ","2018-12-20","D: KS Cross","6"
"TLJJ","2018-12-20","D: Kumo Breakout","6"
"SWM","48_2004","W: CS Breakout","6"
"SWM","48_2004","W: TS Cross","6"
"TLII","2018-12-20","D: TS Cross","6"
"TLII","2018-12-20","D: CS Breakout","6"
"TLII","51_2018","W: TS Cross","6"
"TLII","51_2018","W: KS Cross","6"
"SWM","2004-11-23","D: TS Cross","6"
"SUN","41_2019","W: KS Cross","6"
"PNXP","51_2018","W: KS Cross","6"
"NXGEN","51_2018","W: TS Cross","6"
"NXGEN","2018-12-20","D: CS Breakout","6"
"NXGEN","51_2018","W: Kumo Breakout","6"
"NXGEN","51_2018","W: KS Cross","6"
"NXGEN","2018-12-20","D: TS Cross","6"
"TLJJ","51_2018","W: TS Cross","6"
"NXGEN","2018-12-20","D: Kumo Breakout","6"
"NXGEN","2018-12-20","D: KS Cross","6"
"PNXP","2018-12-20","D: Kumo Breakout","6"
"PNXP","2018-12-20","D: KS Cross","6"
"PNXP","51_2018","W: TS Cross","6"
"PNXP","2018-12-20","D: CS Breakout","6"
"TLII","2018-12-20","D: KS Cross","6"
"NXGEN","51_2018","W: CS Breakout","6"
"PNXP","2018-12-20","D: TS Cross","6"
"TLJJ","2018-12-20","D: CS Breakout","6"
"FYNB","51_2018","W: Kumo Breakout","6"
"DTEL","51_2018","W: TS Cross","6"
"DTEL","51_2018","W: KS Cross","6"
"DTEL","51_2018","W: Kumo Breakout","6"
"DTEL","2018-12-20","D: CS Breakout","6"
"DTEL","2018-12-20","D: TS Cross","6"
"DTEL","2018-12-20","D: KS Cross","6"
"DTEL","2018-12-20","D: Kumo Breakout","6"
"DTEL","51_2018","W: CS Breakout","6"
"FBP","51_2018","W: TS Cross","6"
"FBP","51_2018","W: KS Cross","6"
"FBP","51_2018","W: Kumo Breakout","6"
"FBP","2018-12-20","D: CS Breakout","6"
"FBP","2018-12-20","D: TS Cross","6"
"FBP","2018-12-20","D: KS Cross","6"
"FBP","2018-12-20","D: Kumo Breakout","6"
"DMPI","51_2018","W: CS Breakout","6"
"BSC","41_2019","W: Kumo Breakout","6"
"CPV","2018-11-05","D: Kumo Entry","6"
"CPV","2018-11-05","D: CS Breakout","6"
"BSC","41_2019","W: TS Cross","6"
"GLOPA","2018-12-20","D: KS Cross","6"
"BRN","41_2019","W: KS Cross","6"
"BSC","2019-10-09","D: Kumo Entry","6"
"CPV","2018-11-05","D: TS/KS Cross","6"
"DMPI","51_2018","W: TS Cross","6"
"DMPI","51_2018","W: KS Cross","6"
"DMPI","51_2018","W: Kumo Breakout","6"
"DMPI","2018-12-20","D: CS Breakout","6"
"DMPI","2018-12-20","D: TS Cross","6"
"DMPI","2018-12-20","D: KS Cross","6"
"DMPI","2018-12-20","D: Kumo Breakout","6"
"FYN","51_2018","W: TS Cross","6"
"FYN","51_2018","W: KS Cross","6"
"FYN","51_2018","W: Kumo Breakout","6"
"FYN","2018-12-20","D: KS Cross","6"
"FYN","2018-12-20","D: Kumo Breakout","6"
"FYN","2018-12-20","D: CS Breakout","6"
"FYNB","2018-12-20","D: Kumo Breakout","6"
"FYNB","2018-12-20","D: CS Breakout","6"
"FYNB","51_2018","W: TS Cross","6"
"FYN","51_2018","W: CS Breakout","6"
"FYNB","2018-12-20","D: TS Cross","6"
"FYNB","2018-12-20","D: KS Cross","6"
"FBP","51_2018","W: CS Breakout","6"
"FYN","2018-12-20","D: TS Cross","6"
"FYNB","51_2018","W: KS Cross","6"
"BH","39_2019","W: KS Cross","5"
"BH","39_2019","W: Kumo Entry","5"
"SMC2C","2019-10-09","D: TS Cross","5"
"SMP","2012-11-13","D: TS Cross","5"
"SMP","46_2012","W: TS/KS Cross","5"
"SMP","46_2012","W: KS Cross","5"
"SMP","46_2012","W: TS Cross","5"
"CPVB","2018-11-05","D: KS Cross","5"
"SMP","2012-11-13","D: Kumo Entry","5"
"V","41_2019","W: TS Cross","5"
"BH","2019-09-25","D: KS Cross","5"
"ABA","2019-10-09","D: Kumo Entry","5"
"BH","2019-09-25","D: TS/KS Cross","5"
"ABA","2019-10-09","D: CS Breakout","5"
"BH","2019-09-25","D: CS Breakout","5"
"BH","2019-09-25","D: TS Cross","5"
"V","41_2019","W: CS Breakout","5"
"BH","39_2019","W: TS Cross","5"
"ABA","41_2019","W: TS Cross","5"
"SMP","46_2012","W: Kumo Breakout","5"
"PHEN","41_2019","W: KS Cross","4"
"PRIM","41_2019","W: TS Cross","4"
"REG","41_2019","W: Kumo Breakout","4"
"FERRO","41_2019","W: TS/KS Cross","4"
"CEB","2019-10-09","D: TS Cross","4"
"VMC","2019-10-08","D: TS Cross","4"
"LSC","2019-10-09","D: TS Cross","4"
"ORE","2019-10-09","D: KS Cross","4"
"ORE","2019-10-09","D: TS Cross","4"
"VMC","2019-10-08","D: CS Breakout","4"
"VMC","2019-10-08","D: KS Cross","4"
"VMC","2019-10-08","D: Kumo Entry","4"
"ORE","2019-10-09","D: Kumo Breakout","4"
"LIHC","41_2019","W: TS Cross","4"
"LOTO","2019-10-09","D: KS Cross","4"
"AB","41_2019","W: TS Cross","4"
"UNI","20_2018","W: CS Breakout","4"
"VMC","41_2019","W: TS Cross","4"
"VMC","41_2019","W: CS Breakout","4"
"CLI","2019-10-09","D: CS Breakout","4"
"LSC","2019-10-09","D: Kumo Breakout","4"
"DGTL","12_2012","W: CS Breakout","4"
"CPG","41_2019","W: CS Breakout","4"
"ATI","2019-10-07","D: CS Breakout","4"
"SMB","52_2012","W: KS Cross","3"
"FEU","41_2019","W: CS Breakout","3"
"SMB","52_2012","W: TS Cross","3"
"SMB","2012-12-28","D: TS Cross","3"
"SMB","2012-12-28","D: KS Cross","3"
"CAB","2019-10-09","D: TS Cross","3"
"C","2019-10-09","D: Kumo Twist","3"
"FEU","2019-10-09","D: CS Breakout","3"
"CAB","41_2019","W: CS Breakout","3"
"FEU","2019-10-09","D: Kumo Entry","3"
"CAB","2019-10-09","D: KS Cross","3"
"WIN","2019-10-08","D: KS Cross","2"
"JFC","41_2019","W: TS Cross","2"
"NOW","2019-10-09","D: TS Cross","2"
"JFC","2019-10-09","D: TS/KS Cross","2"
"UPM","2019-10-08","D: Kumo Entry","2"
"UPM","2019-10-08","D: TS Cross","2"
"EG","2017-05-02","D: CS Breakout","2"
"UPM","2019-10-08","D: CS Breakout","2"
"MJIC","2019-09-24","D: TS Cross","2"
"LRW","2019-10-09","D: TS Cross","2"
"LRW","2019-10-09","D: CS Breakout","2"
"GTCAP","41_2019","W: CS Breakout","2"
"CEU","2019-10-09","D: TS/KS Cross","2"
"CEU","2019-10-09","D: Kumo Twist","2"
"PSB","2019-10-09","D: Kumo Entry","2"
"SCC","41_2019","W: TS Cross","2"
"BCB","2019-10-04","D: CS Breakout","2"
"CPM","2019-10-09","D: TS Cross","2"
"DELM","41_2019","W: TS Cross","2"
"PCP","23_2008","W: TS Cross","2"
"CHP","41_2019","W: CS Breakout","2"
"PNX","41_2019","W: TS Cross","2"
"FB","2019-10-09","D: KS Cross","1"
"FB","2019-10-09","D: TS Cross","1"
"HP","2013-07-31","D: TS/KS Cross","1"
"WPI","41_2019","W: Kumo Entry","1"
"I","2019-10-08","D: TS Cross","1"
"CA","2019-10-09","D: KS Cross","1"
"ACPA","2013-11-08","D: TS Cross","1"
"2GO","2019-10-09","D: TS Cross","1"
"ACPA","2013-11-08","D: KS Cross","1"
"CA","2019-10-09","D: TS Cross","1"
"ACPA","45_2013","W: TS Cross","1"
"RPC","26_2001","W: TS Cross","1"
"PNX3A","2019-10-09","D: Kumo Entry","1"
"RPC","2001-06-29","D: TS Cross","1"
"RCB","41_2019","W: CS Breakout","1"
"TFHI","2019-10-09","D: TS Cross","1"
"STR","2019-10-09","D: TS Cross","1"
"STR","2019-10-09","D: CS Breakout","1"
"LBC","2019-10-09","D: TS Cross","0"
"AGI","2019-10-09","D: TS Cross","0"
"AAA","2015-05-15","D: TS Cross","0"
"SOC","2019-10-08","D: TS Cross","0"
"IRC","2019-10-09","D: TS Cross","0"
"MRC","2019-10-09","D: TS Cross","0"
"LCB","2019-10-09","D: TS Cross","0"
"NRCP","2019-10-09","D: TS Cross","0"
"VITA","41_2019","W: TS Cross","0"
"FAF","39_2019","W: TS Cross","0"
"PSE","2019-10-09","D: TS Cross","0"
